,0,1,2,3,4,5,6,7,8,9,10,11,BIC
0,1,0,1,1,0,1,1,1,1,1,0,1,91.52070411915446
1,1,0,0,0,0,1,1,1,0,1,1,1,82.8880007772826
2,1,1,1,1,0,1,1,1,0,1,1,0,91.54990936392888
3,1,1,0,0,0,0,0,1,1,1,0,1,78.43883155156297
4,1,0,0,1,1,0,0,1,1,0,1,1,82.88286497603768
5,1,1,1,0,1,0,0,1,0,0,0,0,74.09579641798058
6,0,0,1,1,1,0,0,1,0,1,0,1,78.4921680108685
7,1,1,1,0,0,1,1,1,1,1,0,0,87.19320234047072
8,1,0,1,0,0,1,0,1,1,1,0,1,82.90065358503261
9,1,1,1,1,1,1,0,0,0,1,0,1,87.1596229325214
10,0,1,1,0,1,1,0,1,0,1,0,1,82.88005076025338
11,0,0,1,0,1,0,1,1,1,0,0,0,78.54287469107955
12,1,1,1,1,1,0,0,0,0,0,0,0,74.08728097547841
13,1,1,0,1,1,0,1,1,0,1,1,0,87.51550806449401
14,0,1,0,1,0,0,0,0,1,0,0,1,69.74406570239032
15,1,1,0,0,1,1,1,0,0,0,1,1,82.81617399226255
16,1,0,1,0,0,0,0,0,0,1,0,0,65.46554526582958
17,1,0,1,1,1,0,0,0,0,0,0,1,74.13447990860439
18,1,1,0,1,0,0,0,0,0,1,1,0,74.12300073857003
19,1,0,1,0,1,0,1,1,1,1,0,0,82.95284734518677
20,0,0,1,0,0,1,0,0,0,1,1,1,74.34482532474252
21,0,1,0,0,1,0,0,0,1,1,1,0,74.09464729476174
22,0,0,0,0,1,1,1,0,1,0,0,0,74.34965039291751
23,1,0,1,1,0,1,0,0,0,0,0,1,74.08807252042335
24,0,0,0,1,0,0,1,1,0,0,0,1,70.0926593512304
25,0,1,0,1,1,0,0,0,0,1,0,0,69.760723362715
26,0,1,1,0,1,0,0,0,0,1,0,0,69.74810214394405
27,1,1,1,0,0,0,0,1,0,0,1,1,78.44747640946237
28,0,0,1,0,0,1,0,1,0,0,0,0,69.89473714089115
29,1,1,0,1,0,0,1,1,0,0,1,0,78.72077149138806
30,1,0,0,1,1,1,1,0,0,1,0,0,78.44945859250944
31,0,1,0,1,0,1,0,0,1,1,1,1,82.81521237681567
32,1,0,0,1,1,1,1,0,1,1,1,1,91.50767785989576
33,1,0,0,1,0,1,1,1,1,0,1,0,82.86383494503947
34,1,1,1,0,1,0,0,0,1,1,0,1,82.85841161584052
35,0,1,0,1,1,1,1,1,0,0,0,1,82.81275021365936
36,0,1,1,1,0,1,1,0,0,1,0,1,82.81153769247399
37,0,1,0,1,0,0,1,1,0,1,0,0,74.13383307740091
38,1,0,1,0,0,0,0,1,1,0,1,1,78.56081904074213
39,1,1,0,1,0,0,0,1,1,1,1,1,87.18713743116473
40,1,1,1,1,1,1,1,1,1,0,0,1,95.89013786673162
41,1,0,1,0,0,1,1,0,0,1,1,1,82.87563201330836
42,1,0,1,0,0,0,1,0,0,0,1,1,74.24658991919216
43,0,1,0,1,0,1,1,1,1,0,0,1,82.86127709005501
44,0,0,0,0,1,1,1,0,0,0,1,0,73.55856003678484
45,1,1,1,0,0,1,0,0,1,1,0,1,82.8084877220661
46,1,1,0,1,1,0,1,1,1,0,0,0,82.83516109824619
47,0,0,1,0,1,1,0,1,1,0,1,0,81.10446782485612
48,0,0,1,0,0,1,0,0,1,0,0,0,69.89538130939755
49,1,1,0,0,0,1,0,1,1,0,0,0,74.08339792605356
50,0,1,1,1,0,0,1,1,0,1,1,1,87.18190868870514
51,0,1,0,1,0,0,1,1,0,0,1,0,74.14369084190945
52,1,1,1,0,1,0,0,0,0,0,1,0,74.10171029023566
53,0,1,0,0,1,1,1,1,1,0,1,0,82.82278179380107
54,0,1,1,1,0,1,0,0,0,0,0,0,69.72812720109916
55,0,0,1,0,0,0,0,1,1,0,0,1,74.45204757557813
56,0,0,1,0,0,0,1,1,0,0,0,1,74.4900574876146
57,1,1,1,1,1,1,1,0,0,0,1,0,87.15936590479498
58,1,1,1,0,0,0,1,0,1,1,1,1,87.17088256155544
59,1,1,0,0,1,1,1,1,0,0,1,0,82.8107607068324
60,1,0,1,0,0,0,0,0,1,1,0,0,69.82811524072982
61,0,1,0,0,1,1,0,1,0,1,0,1,78.44562787910907
62,0,1,0,1,1,1,0,0,1,1,1,1,87.16730708776537
63,1,0,1,0,0,0,1,1,0,1,1,1,82.81478679621056
64,0,0,1,1,0,1,1,1,1,1,0,1,87.20512880519277
65,1,1,1,1,0,1,0,1,0,1,1,0,87.21047323305926
66,0,0,0,1,1,0,0,0,0,1,1,1,74.15988713156447
67,0,1,1,0,1,1,0,0,1,0,0,1,78.43832149334762
68,0,0,0,1,1,0,1,0,1,1,0,0,74.41633638026678
69,1,0,1,1,0,1,1,1,0,0,1,1,87.18646179624737
70,1,1,0,0,0,1,1,0,1,0,0,0,74.09509463028081
71,1,0,1,0,0,1,0,1,0,0,0,0,69.82921723799234
72,1,1,1,1,0,1,0,0,1,1,0,0,82.80170241327497
73,0,0,0,0,1,0,0,0,1,1,1,1,74.45816749318047
74,1,0,1,1,0,1,0,1,1,0,0,0,78.43831930033768
75,1,1,1,1,1,0,0,0,0,0,1,0,78.44896815392796
76,1,1,0,0,1,0,0,1,1,0,1,1,82.83591725814838
77,0,0,0,1,1,1,1,1,0,0,1,1,82.92261093045033
78,1,1,0,1,0,0,0,1,0,0,0,1,74.14222022406095
79,1,0,1,0,0,0,1,1,1,1,0,0,78.568204015921
80,1,0,1,1,1,1,0,1,0,0,1,0,82.8371683121131
81,0,1,1,1,1,1,1,0,1,0,0,1,87.18346787118696
82,1,1,1,0,0,1,0,1,0,0,1,1,82.84458517169959
83,0,1,0,1,0,1,1,0,1,1,0,1,82.83438693579234
84,1,0,1,1,1,0,0,1,1,1,0,0,82.80074608626181
85,0,1,0,0,0,0,1,1,0,0,0,0,65.45842472093996
86,1,0,0,0,0,0,0,0,1,1,1,0,69.82553053169013
87,1,1,0,0,1,1,0,1,0,1,0,1,82.79503881567818
88,0,1,0,1,1,0,1,1,1,0,0,1,82.83487395595955
89,1,0,1,1,0,1,0,0,1,1,1,0,82.80390361238014
90,1,1,0,0,0,0,0,0,0,1,1,0,69.74966245771525
91,0,1,1,1,0,0,0,0,1,1,0,0,74.1054532622642
92,0,0,1,1,1,0,0,0,0,0,1,1,74.14090990480932
93,1,0,1,1,0,1,1,0,0,0,1,0,78.4725838353829
94,1,0,0,1,0,1,1,0,1,0,1,1,82.85725966814057
95,0,1,0,1,0,0,1,0,1,0,0,1,74.12977037991135
96,0,1,0,1,1,1,1,0,0,0,0,0,74.11417960868269
97,0,1,1,0,1,1,0,1,1,0,0,0,78.44428646617953
98,1,1,0,0,1,1,0,0,0,1,1,1,82.7968729829075
99,0,0,0,0,1,1,1,0,0,1,0,0,74.21380273900087
100,0,0,0,0,1,1,0,1,1,0,1,0,77.68075224869727
101,0,1,1,1,0,1,0,0,1,1,1,0,82.81358991702658
102,1,0,1,0,1,0,1,0,0,0,0,1,74.16817110196617
103,0,1,0,1,1,1,0,0,0,0,0,1,74.09206598616082
104,1,0,1,1,0,1,1,1,1,0,1,1,91.51843576131918
105,1,1,0,1,1,0,0,1,0,1,0,0,78.5065732498389
106,1,1,1,0,1,0,1,1,0,1,1,0,87.16393435787117
107,0,0,1,0,1,1,0,1,0,1,0,0,78.14700875893953
108,0,1,1,1,1,0,1,0,1,0,1,1,87.17080839476631
109,0,0,0,0,1,1,1,1,0,1,0,1,82.47074699973793
110,1,1,0,1,0,1,1,1,0,1,0,0,82.88847914707927
111,1,1,0,1,0,0,1,0,1,0,0,1,78.43901678630967
112,0,0,1,0,0,0,0,0,1,0,0,0,65.76715824578201
113,0,1,0,1,1,0,1,0,1,0,1,1,82.8584782112753
114,0,0,0,1,0,0,0,0,1,1,0,1,70.06128338926152
115,1,0,1,1,1,0,1,1,0,0,1,1,87.17957717389359
116,1,0,1,1,0,1,1,0,0,0,1,1,82.80906149870752
117,0,0,0,1,1,1,1,1,1,1,0,1,87.48948939517545
118,0,0,0,1,1,0,0,0,0,1,1,0,69.77847603984227
119,0,1,1,1,0,0,0,1,1,0,0,0,74.08016446588947
120,1,1,1,1,1,1,0,1,1,1,1,0,95.87546426789302
121,0,0,0,0,1,0,0,0,0,1,0,1,77.66471854057912
122,0,0,0,1,0,0,0,1,0,0,0,1,65.71627144222553
123,1,0,0,0,0,0,0,1,1,1,0,0,70.39950244717777
124,1,1,0,1,0,1,0,1,1,1,0,0,82.815386772781
125,0,1,1,1,1,0,0,1,0,1,0,1,82.81997065039329
126,1,0,0,0,1,1,0,1,1,0,1,1,83.00467717164025
127,0,1,0,1,0,0,1,0,0,1,0,0,69.75345844996791
128,0,0,1,0,0,1,1,1,1,0,0,0,78.60075406617075
129,0,1,0,0,0,1,0,1,1,0,1,1,78.44963182065526
130,1,1,0,1,1,1,0,1,1,1,1,0,91.52495580348727
131,1,0,0,0,1,0,0,1,1,0,1,0,74.33887163586019
132,1,0,0,0,1,0,1,0,0,1,1,0,74.16267373995431
133,1,1,0,1,1,1,0,1,0,1,1,0,87.15127548064952
134,1,0,1,1,1,0,0,0,0,1,1,0,78.48663738248396
135,0,0,0,0,1,0,1,1,0,1,0,1,79.859452004343
136,0,1,0,0,0,1,1,1,0,1,0,1,78.44336790658225
137,1,0,0,0,0,0,1,1,0,1,1,0,74.24540510864756
138,0,0,1,0,0,0,1,1,0,1,0,0,74.18011041731506
139,1,0,1,0,1,1,0,1,1,0,0,1,82.8755804756648
140,0,0,1,0,0,1,1,1,1,0,1,0,81.51517878541186
141,0,0,0,1,1,0,1,1,0,0,0,1,74.41273760383001
142,0,0,1,1,1,0,0,0,0,1,0,0,69.77609261781684
143,0,1,1,1,1,1,0,0,1,1,0,0,82.80531773113285
144,0,1,1,0,1,0,1,1,0,0,0,0,74.12664658886014
145,0,1,1,1,1,0,1,1,0,1,1,1,91.53821108067476
146,1,1,0,1,0,0,1,1,0,1,0,0,78.48723264979115
147,0,1,1,0,1,0,0,1,1,0,1,1,82.79197561847322
148,1,0,0,1,0,0,0,0,1,0,1,1,74.16554988029392
149,1,1,1,1,0,0,0,1,0,1,0,0,78.49321834518368
150,1,0,1,0,0,0,1,0,0,1,1,0,74.21568422452593
151,0,0,0,1,0,1,0,0,1,0,0,0,65.72775846044152
152,1,0,0,1,1,0,0,0,0,1,0,0,69.72423016842008
153,0,1,1,1,1,0,1,1,1,1,0,0,87.17795985114975
154,1,0,0,0,0,0,0,0,0,1,0,1,66.05489274630932
155,1,0,0,0,1,0,0,1,1,1,0,0,74.77431316628659
156,0,0,0,0,1,1,0,0,1,1,1,1,78.60565350042617
157,1,1,1,1,1,0,1,1,0,1,0,1,91.54390257108894
158,0,0,0,0,0,1,0,0,1,0,0,1,71.0574859209653
159,0,1,1,1,1,1,0,1,1,1,0,1,91.51610661214976
160,0,0,1,0,1,0,1,1,1,0,1,0,81.3166948222295
161,1,0,0,1,1,1,1,0,0,1,1,0,82.81078728208907
162,1,0,0,1,0,0,0,0,1,1,0,1,74.08050942679607
163,1,1,0,0,0,1,0,0,1,0,0,1,74.0899049953369
164,0,0,0,1,1,0,1,1,1,0,1,0,78.62430115834007
165,1,1,0,0,0,1,0,1,1,0,1,0,78.44537737767772
166,0,1,0,1,1,0,1,1,1,0,0,0,78.47517577528669
167,0,1,0,0,1,0,1,0,0,1,0,0,69.73940910191567
168,0,0,0,0,0,0,1,0,1,1,0,0,72.11120692057344
169,0,0,1,0,0,1,0,0,1,0,1,0,72.83477918200454
170,1,0,1,0,0,1,0,1,1,1,0,0,78.5692586990365
171,0,1,0,1,0,0,0,0,0,1,1,1,74.10789539501879
172,1,1,1,1,0,1,0,1,1,1,1,1,95.88516509365412
173,0,1,1,1,1,0,1,1,0,0,1,1,87.17775538697869
174,1,1,0,0,0,1,1,1,1,1,1,0,87.16450558985822
175,1,1,0,0,1,1,1,1,0,1,0,0,82.83015121261658
176,1,0,1,0,0,1,1,1,1,1,0,1,87.25943799366947
177,0,1,1,1,1,1,0,0,1,1,0,1,87.1656276215835
178,0,1,1,0,0,0,0,1,0,0,0,0,65.46082572657618
179,1,1,0,1,0,0,0,1,1,0,1,1,82.9081799239049
180,1,1,1,1,0,1,1,1,1,1,0,1,95.92987909524989
181,0,0,1,0,0,1,1,0,1,1,0,0,78.2903792904988
182,1,1,1,1,0,1,0,0,1,1,1,0,87.16220344748503
183,0,0,0,0,0,0,0,1,0,1,0,1,70.76400872354276
184,0,1,1,1,0,1,1,0,0,1,0,0,78.51725075689073
185,0,1,0,0,0,1,0,0,0,0,1,0,65.37463710415327
186,1,1,0,0,1,0,1,0,0,0,0,0,69.78654915269081
187,1,0,0,1,1,0,0,0,1,1,1,0,78.47401170952031
188,1,0,1,1,1,1,1,1,0,1,1,1,95.88451456337306
189,1,0,1,0,1,1,0,1,1,0,0,0,78.5482842722665
190,0,0,0,1,1,0,0,1,1,0,0,0,70.05517466820912
191,0,0,0,1,1,0,1,0,0,0,1,1,74.22245617150575
192,0,0,0,0,1,1,0,0,1,0,1,0,73.52858277123634
193,1,1,1,1,0,1,0,0,1,0,1,1,87.15952445141109
194,1,0,1,0,1,1,0,0,1,1,0,1,82.87922918409329
195,0,1,0,0,1,1,0,1,1,1,0,0,78.4416513920879
196,1,1,1,0,0,0,1,0,0,1,0,0,74.15393611628237
197,1,0,0,0,0,0,1,0,1,0,1,0,70.02703696268259
198,1,0,1,0,1,0,1,0,0,1,1,0,78.46585705483317
199,0,0,0,0,0,0,1,1,1,1,1,0,74.83675553471276
200,1,0,0,0,0,1,0,0,0,0,0,0,61.70388981180899
201,1,0,1,1,0,0,0,0,0,0,0,0,65.38969734945671
202,1,0,0,0,0,0,0,0,0,0,1,1,65.69450560464769
203,1,0,0,1,0,0,1,1,1,0,1,0,78.46071994647926
204,1,1,0,1,0,0,0,0,1,1,0,1,78.46254710984657
205,0,1,1,1,1,0,1,1,0,1,1,0,87.18796694798866
206,1,1,0,0,0,1,1,1,1,0,1,0,82.80746629279191
207,1,0,0,1,0,1,0,0,0,1,1,0,74.10240017722556
208,0,1,0,1,1,0,0,0,0,0,0,1,69.84279717648127
209,1,1,0,1,0,1,1,1,0,1,1,0,87.2600550078985
210,0,0,0,1,1,0,0,0,1,0,1,0,69.87405264073308
211,1,1,1,0,1,1,0,1,1,0,1,0,87.1627080947815
212,0,0,1,1,1,1,1,0,0,0,1,0,78.50884221145256
213,0,0,1,1,0,0,1,1,1,0,1,1,82.91370865041857
214,1,1,1,0,1,1,0,0,0,0,0,0,74.11916807942161
215,1,1,1,0,0,0,0,1,0,1,1,1,83.02218119524241
216,1,1,0,1,0,0,0,1,1,1,1,0,82.92246461854212
217,1,0,0,1,0,0,0,1,1,1,0,1,78.46249702918593
218,1,1,0,0,1,0,0,0,0,0,0,0,65.38687476792512
219,1,1,1,1,1,0,1,0,1,0,1,0,87.17537349519725
220,1,0,1,0,1,0,1,0,1,0,0,0,74.27733673264882
221,0,0,1,0,1,0,0,1,0,1,0,1,78.15949566158159
222,1,1,1,1,1,0,0,0,1,1,1,0,87.14717274970666
223,0,0,1,0,1,1,1,1,1,0,0,1,87.21587970634027
224,0,1,1,0,1,0,0,0,1,0,0,0,69.73953137143727
225,1,1,1,0,0,1,1,1,1,1,1,0,91.52077345362815
226,0,1,0,1,1,1,0,1,1,0,0,1,82.80013076356545
227,0,1,0,0,0,0,1,1,1,1,1,1,82.82164118239358
228,0,0,1,1,1,0,0,0,0,1,1,1,78.49241140157147
229,1,0,1,1,0,0,0,0,1,0,1,1,78.43786430045955
230,0,1,1,1,1,0,1,1,1,0,0,1,87.22281819718935
231,0,1,1,0,0,1,1,0,1,0,0,0,74.1151079847616
232,0,0,1,0,1,1,0,0,1,0,1,0,76.75491430093396
233,0,0,1,1,1,0,1,1,1,1,1,1,91.55276827452946
234,1,0,0,1,1,0,1,0,1,1,1,0,82.8198513911313
235,0,1,1,1,0,1,0,0,1,1,1,1,87.19211535971361
236,1,1,0,0,1,0,1,0,0,1,0,1,78.4584905203698
237,1,1,0,1,1,0,0,1,0,0,0,0,74.10309135662489
238,1,1,0,0,0,0,1,1,0,0,0,0,69.93309694814667
239,0,0,1,1,1,1,1,1,0,1,1,1,91.58677925924331
240,1,0,0,0,1,0,0,1,0,1,0,1,74.82325822064223
241,0,0,1,0,0,1,0,0,0,1,0,0,69.76168117512455
242,1,0,1,1,1,0,1,0,1,1,0,0,82.85961900104438
243,1,0,1,1,0,1,0,1,0,1,1,0,82.81164063926967
244,0,0,1,1,1,0,0,0,1,0,1,0,74.13585487597977
245,0,0,1,1,1,1,0,1,0,0,0,0,74.16417336372369
246,1,1,1,1,0,0,0,1,0,0,1,1,82.88060780970892
247,0,1,1,0,1,1,1,1,0,1,0,1,87.15418345813538
248,0,0,1,1,1,0,0,0,0,0,1,0,69.8282217627986
249,0,0,0,0,0,0,1,0,1,1,1,0,70.55332704710926
250,1,0,1,1,0,0,0,0,0,0,1,1,74.0943414481028
251,0,0,0,0,1,1,1,1,1,0,0,0,78.62024991753505
252,1,1,1,0,0,1,1,0,0,1,0,1,82.82214701150323
253,1,0,0,0,0,1,0,0,0,0,1,0,65.6151449529535
254,0,0,0,0,0,0,0,1,0,0,0,0,63.406734180487916
255,0,1,0,0,1,1,0,0,1,1,0,1,78.46050412136331
256,1,1,1,0,0,1,0,1,0,0,0,0,74.08070196036377
257,0,1,1,0,0,0,0,0,0,1,1,1,74.12550235818493
258,1,0,0,0,0,1,0,1,1,1,0,1,79.14837716178835
259,0,1,0,0,1,0,0,1,0,1,1,1,78.47261863691982
260,1,1,0,1,1,0,0,0,1,1,0,1,82.8014049959878
261,1,1,0,0,1,0,1,0,0,0,1,1,78.60348778763338
262,0,1,1,0,0,0,1,1,0,1,0,1,78.44976353803634
263,1,0,0,1,0,1,0,0,1,0,1,0,74.08062426362768
264,0,1,1,0,0,0,0,1,0,1,1,1,78.45562134572948
265,1,1,1,0,1,0,1,1,1,1,0,0,87.15400566445997
266,1,1,0,1,1,1,1,0,1,1,1,0,91.53402375499303
267,1,1,1,0,1,0,1,1,1,0,0,1,87.15746781361278
268,0,0,0,0,1,1,0,0,1,0,0,1,75.38258989615981
269,1,0,0,1,1,1,0,0,1,1,0,0,78.49463436344075
270,1,0,0,0,1,0,1,0,0,0,1,0,69.97227261944514
271,0,0,0,0,1,0,1,0,0,1,1,1,74.26945030701842
272,1,1,1,0,1,0,1,1,0,0,1,1,87.19061201355423
273,1,1,0,1,0,1,0,1,0,0,1,0,78.4480495030133
274,0,1,0,0,0,1,0,1,0,1,0,0,69.73463005552286
275,1,0,0,0,1,0,1,1,1,0,1,0,78.681081245465
276,0,0,0,0,1,0,1,0,1,1,1,1,78.60737838779612
277,0,1,1,0,1,0,1,1,0,0,1,1,82.87459531885028
278,1,1,0,1,0,1,1,0,1,0,0,1,82.80570671116256
279,1,1,0,1,1,0,0,0,0,0,1,0,74.0949510246687
280,1,0,1,0,1,1,1,1,0,0,1,1,87.2814157130843
281,1,0,0,1,0,1,0,0,0,1,1,1,78.49318269866238
282,0,0,1,1,0,0,1,1,0,1,1,0,78.51890854199661
283,1,0,1,1,0,1,0,0,0,1,0,1,78.46075014903755
284,1,1,0,1,0,1,0,1,1,0,1,1,87.16543446787735
285,0,0,1,0,1,0,0,1,1,1,1,1,83.01418797827604
286,0,0,1,1,1,0,0,1,0,0,0,0,69.79756973293944
287,1,1,1,0,0,1,1,1,1,0,1,0,87.17005869713972
288,0,1,0,1,1,1,0,1,1,1,0,1,87.15964065911743
289,1,1,0,0,0,0,0,0,0,0,1,1,69.80909322304744
290,0,1,0,1,0,0,1,0,1,1,0,0,74.11594655663515
291,1,0,0,1,0,1,1,1,0,1,1,0,82.84029305105834
292,0,0,0,0,0,0,1,0,1,0,0,1,71.2160953475615
293,1,0,0,0,1,0,0,0,0,1,0,0,66.10622308845096
294,1,0,0,1,0,1,0,0,1,1,0,1,78.45788722953155
295,0,1,0,0,1,0,1,1,0,0,1,1,78.462719816652
296,1,1,1,1,0,1,1,0,1,0,1,0,87.32940184645672
297,0,0,1,1,0,0,0,1,1,1,0,1,78.49457084718145
298,0,1,1,0,1,1,1,0,0,0,1,0,78.49558590077623
299,1,1,0,1,1,0,1,0,0,1,0,0,78.47278507644987
300,0,1,0,0,0,0,1,0,0,0,0,0,61.05806411745947
301,0,0,1,1,1,0,0,0,0,0,0,0,65.42928901010876
302,0,1,0,0,0,1,1,1,0,0,1,0,74.11714010081744
303,1,0,1,1,1,0,0,0,1,1,1,1,87.16028615692727
304,0,1,0,1,0,1,0,1,0,1,1,0,78.44837747134204
305,0,1,0,1,0,1,0,0,1,0,0,1,74.09482308895191
306,1,1,1,0,0,0,1,0,0,0,0,1,74.15406950967245
307,1,0,0,0,0,0,0,1,0,0,1,1,70.04366901050207
308,0,1,1,1,1,1,0,1,0,0,0,0,78.44333507371509
309,1,1,1,0,1,0,1,0,0,1,1,1,87.1914078920417
310,0,0,0,1,0,1,0,1,1,0,0,0,70.05455324521418
311,0,0,0,1,1,0,1,0,1,0,1,0,74.2284655087452
312,0,0,1,0,0,1,1,0,1,0,1,1,81.33503294826787
313,0,1,1,0,0,0,1,0,0,1,0,0,69.74486808718116
314,0,0,1,1,1,1,0,0,0,0,1,0,74.13602999166417
315,1,0,0,1,0,0,0,1,0,0,0,0,65.46861576158159
316,1,1,1,1,1,0,1,1,1,1,1,0,95.98782427740848
317,1,1,1,0,0,0,0,1,1,0,0,0,74.11715144336351
318,0,0,1,0,1,0,1,1,0,1,1,1,82.98514688483401
319,0,0,0,1,0,1,1,1,1,1,1,1,87.25040809550781
320,1,0,1,0,0,0,0,0,0,0,0,1,65.47046305884099
321,0,0,0,0,0,1,0,0,0,0,1,0,65.38177577978134
322,1,0,1,0,1,1,1,0,0,1,0,0,78.55075419265098
323,0,1,1,1,0,1,1,1,1,0,1,1,91.52541734477592
324,0,1,0,1,0,1,1,0,0,1,0,0,74.26392398838212
325,1,0,1,0,0,1,0,1,0,0,1,1,78.53942865952602
326,1,0,1,0,1,1,1,0,1,1,1,0,87.20450758519391
327,0,0,0,1,1,1,1,0,0,1,1,1,82.87552178054382
328,0,0,1,0,1,1,0,1,1,0,0,0,78.52226092489184
329,0,1,0,0,0,1,1,1,0,1,1,0,78.50725016548317
330,0,1,1,0,1,1,0,1,0,0,1,1,82.82594357930451
331,1,0,1,1,0,0,0,1,1,0,0,0,74.09044262641021
332,1,0,1,0,1,0,0,1,1,1,0,1,82.90323836043214
333,1,1,0,0,0,0,0,0,1,0,0,0,65.39649509876479
334,0,0,1,1,0,0,0,1,0,0,0,0,65.44663025955622
335,0,1,1,0,1,1,1,1,0,0,1,1,87.16758102758524
336,1,1,1,0,1,0,0,1,0,1,0,1,82.81576589737124
337,0,1,0,0,0,0,0,0,0,0,1,1,65.42058116022791
338,0,0,0,0,0,1,0,1,1,1,1,1,78.6530856486955
339,1,0,1,0,0,0,0,0,0,0,1,1,69.82824936315326
340,0,0,1,1,1,1,0,1,1,0,1,1,87.19871461412582
341,0,1,1,1,0,1,0,0,0,0,1,1,78.44225821942416
342,0,1,1,1,0,1,1,1,0,1,1,0,87.16671627640493
343,1,0,1,0,1,1,1,0,0,0,1,1,82.90338888444272
344,1,0,1,0,1,1,0,0,0,1,0,0,74.17558496661506
345,1,0,1,1,1,0,1,0,1,0,1,1,87.22782319914954
346,1,1,0,0,1,0,1,1,0,1,0,1,82.81643198811871
347,1,0,1,0,0,0,1,0,0,1,0,1,74.20642705302033
348,1,0,1,1,1,1,0,1,0,0,0,0,78.47346669524853
349,1,0,0,0,0,0,0,1,1,0,1,0,70.0654939390183
350,0,0,1,0,0,1,1,0,1,0,0,0,74.257503076873
351,1,1,0,1,0,1,0,0,1,0,0,0,74.08835663435144
352,0,0,0,1,1,0,0,1,1,1,0,1,78.77138606453333
353,1,1,0,0,0,0,0,0,1,0,1,1,74.10433362117305
354,0,0,1,0,1,0,0,0,0,0,0,0,65.5285033266441
355,0,1,0,1,0,0,1,1,1,1,0,1,82.82320061419887
356,1,0,0,0,0,1,0,1,1,1,1,0,78.49330226240704
357,0,0,0,0,0,1,0,1,0,0,1,1,73.95249008429641
358,0,0,1,1,0,1,0,0,1,0,0,1,74.13829820317747
359,0,0,0,1,0,1,0,1,0,1,1,0,74.15160382277816
360,0,0,0,0,0,0,1,0,0,0,1,1,70.12715811710588
361,0,1,0,1,0,0,1,1,0,0,1,1,78.47954977145514
362,1,1,0,0,0,1,0,0,1,1,0,1,78.44606021692486
363,1,0,0,0,0,0,0,1,0,1,0,1,70.47072073687777
364,0,1,1,1,0,1,1,0,1,0,1,1,87.15436238533192
365,0,0,1,0,0,0,0,0,0,1,1,1,70.20872853056956
366,1,1,1,0,0,0,1,1,0,0,0,0,74.1368598779751
367,1,0,0,1,1,1,0,0,0,1,0,1,78.48372461366068
368,0,1,0,1,1,1,0,0,1,1,0,1,82.80349374777634
369,1,1,1,1,0,1,1,0,0,1,1,0,87.29116495144535
370,1,0,1,1,0,1,1,1,0,0,0,0,78.46331446832737
371,1,1,0,1,0,1,1,1,1,1,1,0,91.60588871332412
372,1,0,0,1,1,0,1,1,0,1,1,1,87.21564763480323
373,1,0,1,0,0,1,1,0,1,1,0,0,78.54187772607618
374,1,0,1,0,0,0,0,1,0,0,0,1,69.87845855248612
375,1,1,0,1,1,1,0,1,1,1,0,0,87.15136328454818
376,1,0,1,1,0,1,1,1,0,1,0,0,82.83460896789444
377,0,0,0,1,1,1,0,0,1,1,0,0,74.4152959421702
378,1,0,0,1,0,0,1,1,1,1,1,0,82.83093867885835
379,0,1,1,0,0,0,0,0,0,1,1,0,69.72920365402716
380,1,0,1,0,0,1,0,0,0,1,1,1,78.54237859251343
381,0,1,0,0,0,1,0,1,0,1,1,0,74.09960652268985
382,0,1,0,0,0,0,0,1,0,1,0,0,65.3772921748846
383,1,1,0,1,1,0,0,1,0,0,0,1,78.44368761777193
384,0,0,1,1,1,0,1,0,1,0,0,0,74.15547892437328
385,1,0,1,1,1,0,1,0,1,1,1,1,91.53703478108542
386,1,0,0,0,1,1,1,0,1,1,0,0,79.11573754859991
387,0,0,0,0,0,1,0,0,0,0,1,1,69.49204501911188
388,0,1,1,1,1,1,0,1,0,1,0,1,87.16106906127904
389,1,1,0,0,0,0,1,0,0,0,1,0,69.76702988690606
390,1,0,0,0,0,1,1,1,0,1,0,0,74.79786676740893
391,0,1,1,0,0,0,1,0,1,0,0,1,74.07931627377631
392,0,0,1,1,0,0,0,1,1,1,1,0,78.52016856803708
393,1,0,1,1,1,1,1,0,0,0,1,0,82.84701628729549
394,0,0,1,1,1,0,0,0,1,0,1,1,78.51357536930121
395,0,0,1,1,0,0,1,0,1,0,0,0,69.82737780283935
396,0,0,0,0,1,0,0,1,0,1,0,0,71.24159146235755
397,1,1,0,1,1,1,0,0,0,0,1,0,78.46027440878058
398,1,1,0,1,1,0,1,0,1,0,0,0,78.44306812532459
399,0,1,1,1,1,0,1,0,0,0,1,0,78.46400582137197
400,1,1,0,0,0,1,1,1,0,1,0,0,78.46399407143653
401,0,1,0,0,1,0,1,1,0,0,0,1,74.16489094386853
402,1,1,1,0,0,0,1,1,0,0,1,1,82.82272181415928
403,1,0,1,1,0,1,0,1,1,0,0,1,82.81107683764697
404,1,1,1,1,0,0,1,0,0,0,0,1,78.4604077543335
405,0,0,1,1,0,0,1,1,0,1,0,1,78.52391380545667
406,0,0,0,1,0,0,1,0,1,0,0,1,70.05886872010898
407,1,0,1,1,0,0,1,1,1,0,1,0,82.8183602333159
408,0,0,1,1,1,1,0,0,0,0,0,0,69.78349668910215
409,0,1,1,1,1,1,0,1,1,1,0,0,87.16816691129016
410,0,1,1,1,0,1,1,1,0,0,1,1,87.17410452067533
411,1,0,1,1,1,0,1,0,0,0,0,1,78.4782348413497
412,1,0,1,1,1,0,0,1,1,0,0,1,82.86196117437055
413,1,1,0,1,1,1,0,0,0,1,1,0,82.80795796804874
414,0,0,0,0,1,0,1,1,0,1,0,0,75.58041740580416
415,0,1,0,1,1,1,1,0,0,1,1,1,87.1715829539493
416,1,0,0,0,0,0,1,1,1,1,1,0,78.52860340438802
417,0,1,1,1,0,0,0,1,1,0,1,1,82.85200991668879
418,0,0,0,0,1,0,0,1,1,0,1,0,73.49157036025422
419,0,0,1,0,0,1,1,0,1,1,0,1,82.48268499166151
420,1,1,0,1,1,1,0,1,1,0,0,1,87.15741342454017
421,1,1,1,1,0,1,1,0,0,0,0,0,78.47189253998677
422,1,1,1,1,1,0,0,1,0,1,0,1,87.17150806081081
423,1,1,0,0,0,1,0,0,1,0,1,0,74.08008803092197
424,1,1,0,1,1,1,0,0,1,1,0,0,82.80546719628123
425,0,0,1,1,0,0,1,1,1,0,0,1,78.65354413665851
426,0,1,0,0,0,0,1,1,1,0,0,0,69.72838741200374
427,0,0,0,1,1,1,0,0,1,0,0,1,74.41317841758779
428,0,1,0,0,0,1,0,0,0,0,0,0,61.0556483939397
429,0,0,0,0,0,1,1,0,1,1,0,1,78.57926514787367
430,1,1,1,1,0,1,0,0,0,1,0,0,78.49797584189189
431,0,1,0,1,0,1,0,1,1,1,0,0,78.45096936650718
432,0,0,0,0,1,0,0,0,1,1,0,1,75.63412555562175
433,1,0,0,1,0,1,1,0,0,0,0,0,69.73222521137902
434,1,0,1,1,1,0,1,0,0,1,1,1,87.17511034924314
435,0,0,1,1,1,1,1,1,1,1,0,0,87.21315809184915
436,1,0,1,0,0,1,1,0,1,0,1,1,82.8846259785525
437,1,1,1,0,0,1,1,1,0,0,0,0,78.4733252454824
438,1,0,1,1,1,0,1,1,0,0,0,1,82.87882470833462
439,0,0,0,0,0,0,1,1,0,1,1,0,70.5620074010087
440,1,1,0,0,0,0,1,1,1,1,1,0,82.82904349649637
441,0,1,1,1,0,1,0,1,0,0,1,1,82.81323942394428
442,1,0,0,1,0,1,1,0,0,1,0,0,74.08946963503898
443,1,0,1,1,0,0,0,1,1,0,0,1,78.50137051614908
444,1,0,0,1,1,0,0,1,0,0,0,1,74.11580278985548
445,1,1,0,1,0,1,1,0,0,0,0,1,78.46372035315864
446,1,1,1,0,1,0,0,1,1,0,0,0,78.4481284808257
447,0,1,1,0,0,1,1,1,1,1,1,0,87.20942100825441
448,0,0,0,1,1,1,0,0,0,0,1,0,69.86548287634899
449,0,0,0,1,1,1,1,1,1,0,1,0,82.95333949021845
450,1,1,1,1,0,1,0,1,0,1,0,0,82.8087138390142
451,1,0,1,1,1,0,1,1,0,1,1,0,87.22138099680366
452,0,0,1,0,1,1,0,1,0,0,1,0,76.9452329787472
453,0,0,1,0,1,1,0,1,1,0,0,1,82.87935266322283
454,1,1,0,0,1,1,1,1,1,1,0,0,87.16658454092978
455,1,1,1,1,0,0,0,0,1,0,0,1,78.46026297761202
456,0,1,1,0,1,1,1,1,1,1,1,0,91.57410722917186
457,0,0,1,0,1,1,0,0,1,1,0,1,82.76075622280965
458,1,1,0,1,0,1,0,0,1,1,1,1,87.16776276120305
459,1,0,0,1,0,1,1,0,1,1,0,1,82.82282168806542
460,0,1,1,1,0,0,1,0,0,1,0,0,74.19117950226514
461,1,1,1,1,1,1,0,1,1,1,0,1,95.87581845874797
462,0,1,0,0,0,1,1,1,1,1,1,0,82.88511044427142
463,1,1,0,0,0,1,1,0,1,0,0,1,78.44341940395213
464,0,0,0,0,1,1,0,0,1,1,0,0,74.61718629164908
465,1,1,1,0,0,1,0,0,0,0,0,0,69.74321602633732
466,1,0,0,1,0,1,0,1,1,0,1,1,82.81178209883282
467,0,1,1,1,1,0,0,0,1,0,1,1,82.81080444569888
468,1,1,1,1,1,1,0,0,1,0,1,0,87.19595512680696
469,1,0,1,1,0,0,1,1,1,1,1,0,87.17812561206541
470,1,1,0,1,0,0,0,0,0,0,0,0,65.38926743368025
471,1,1,0,0,1,0,1,1,0,1,1,0,82.8956411590894
472,1,1,1,1,0,1,1,1,0,1,0,0,87.21620510155381
473,0,1,1,0,0,0,1,1,1,1,1,1,87.15995089297854
474,0,1,0,0,0,1,1,0,1,1,0,1,78.4354438679906
475,1,1,1,0,1,1,0,0,1,1,0,0,82.8017454762634
476,1,1,1,1,0,1,1,0,0,0,0,1,82.80982815442712
477,0,1,0,1,0,0,1,1,1,0,0,1,78.4966458179631
478,0,0,1,0,0,0,0,1,0,1,1,1,74.73727179368458
479,0,1,0,0,1,0,1,0,0,0,1,1,74.0941282856643
480,1,1,1,0,1,0,1,0,0,1,1,0,82.95305363767494
481,1,0,0,1,0,0,1,1,1,0,0,1,78.48643371390878
482,0,0,1,0,1,1,0,1,1,1,1,0,83.03794735620853
483,1,0,0,0,1,1,0,1,0,0,0,1,74.75685542854345
484,1,0,1,0,0,1,1,0,1,0,0,1,78.55231937228668
485,0,1,1,1,0,0,0,0,0,0,0,0,65.38395559414818
486,1,0,1,0,1,1,0,0,0,1,1,0,78.57276017030915
487,1,1,0,1,1,0,1,1,1,1,1,1,95.97554902778238
488,1,1,0,1,1,1,1,1,0,1,1,1,95.87813219511617
489,0,0,1,0,1,1,1,1,0,1,1,0,83.43389530969172
490,1,0,1,0,0,0,1,1,1,0,0,0,74.17209034090706
491,1,1,1,1,1,1,0,1,0,0,1,0,87.17502222739886
492,1,0,0,1,0,1,1,1,1,0,1,1,87.17965462632968
493,0,0,0,1,0,0,1,0,1,0,1,1,74.24577361081556
494,1,1,0,1,0,0,0,1,1,1,0,1,82.79406237061728
495,1,1,0,1,0,0,1,0,0,1,0,1,78.46116091588851
496,0,0,1,1,0,1,1,1,1,1,1,1,91.56424556612892
497,0,0,1,0,1,1,0,1,1,1,1,1,87.26106926074326
498,0,0,1,0,0,0,1,0,1,0,1,1,76.92886823004257
499,1,1,0,1,1,1,0,1,1,1,0,1,91.51319116076269
500,0,0,1,1,0,0,0,1,1,0,1,1,78.49185056050798
501,0,0,0,1,0,0,1,1,0,1,0,0,70.0935434481466
502,0,0,0,0,0,1,1,1,0,1,0,0,74.2304087893216
503,1,0,1,1,0,1,0,0,1,0,0,1,78.50502820923226
504,0,0,1,0,0,1,0,1,0,0,0,1,74.19032128414621
505,1,1,0,1,1,1,0,1,0,1,0,1,87.15927485220045
506,0,1,0,0,0,1,1,1,1,0,1,0,78.4646304127906
507,0,0,1,1,1,0,0,1,0,1,1,0,78.57204580011644
508,1,1,1,1,1,0,1,1,0,0,0,1,87.18976117823618
509,1,1,1,1,0,1,1,0,0,1,0,1,87.16315825767424
510,1,0,1,0,0,1,1,0,0,0,1,1,78.53837651874669
511,1,1,1,0,0,1,1,0,0,1,1,1,87.17011957715276
512,1,0,0,0,0,1,0,1,0,1,1,1,78.51348222529953
513,0,1,0,0,1,0,0,0,1,1,0,0,69.73261444311989
514,1,0,0,0,1,0,1,1,0,0,1,1,78.6763376076704
515,1,1,1,1,1,0,0,1,0,0,1,0,82.81039150650882
516,0,1,1,1,1,0,1,1,0,1,0,1,87.17017347368176
517,0,0,0,1,0,1,0,1,1,1,1,1,82.90901758014333
518,0,1,0,1,0,0,0,0,0,0,1,0,65.39416970382221
519,1,1,1,1,1,1,0,1,0,0,1,1,91.53584235809477
520,1,1,0,0,1,0,1,0,1,0,0,1,78.48838825024846
521,0,1,0,1,1,1,0,0,0,1,1,0,78.44252729248814
522,1,1,1,0,0,1,1,1,0,1,0,1,87.1927200567327
523,1,1,1,1,1,0,0,1,1,1,1,0,91.57203098631855
524,0,0,0,1,0,1,1,1,0,0,1,1,78.57520155177245
525,1,0,0,0,1,0,1,0,1,1,0,0,74.79050648189538
526,1,1,0,0,0,0,1,1,0,1,1,0,78.49336008910689
527,0,1,1,0,1,1,1,1,0,0,0,0,78.50169168020938
528,0,0,1,1,0,0,0,0,0,0,1,1,69.83988769061474
529,1,0,0,0,1,0,0,1,0,0,0,1,70.41252303978371
530,1,1,1,1,1,1,0,1,1,0,1,0,91.54366519370514
531,1,0,1,0,1,1,1,1,1,0,0,1,87.25779215758165
532,0,0,1,1,1,0,1,0,0,0,0,0,69.83185070322621
533,0,0,1,0,1,1,0,0,0,0,1,0,72.41848363414756
534,0,0,1,0,0,0,1,1,1,0,0,0,74.48069138161777
535,0,0,0,0,1,1,0,1,1,1,0,1,82.92230994515359
536,1,1,0,0,1,1,0,1,0,1,1,0,82.80245384556333
537,0,1,0,1,0,1,1,1,0,0,0,1,78.45002481041378
538,1,0,1,1,1,1,0,1,1,1,0,0,87.15939340308735
539,1,1,1,1,0,0,1,1,1,1,1,1,95.9368450456459
540,1,1,1,1,1,0,0,0,0,1,1,0,82.8975512480243
541,0,1,0,1,1,1,1,1,1,1,0,0,87.16703489720192
542,0,1,1,1,1,0,1,0,1,0,0,1,82.8219289629148
543,0,0,1,0,0,1,1,1,0,1,1,0,78.88607393078496
544,0,0,1,1,0,0,0,0,1,0,0,0,65.4540974313217
545,1,1,0,1,0,1,0,0,0,0,1,0,74.1220092458793
546,0,0,0,1,1,1,1,0,1,0,1,1,82.92214140581476
547,1,0,0,0,1,1,1,1,0,0,1,1,83.01254597139216
548,1,1,0,1,1,1,1,0,0,1,1,1,91.5190327098017
549,1,1,0,0,0,0,0,0,0,1,1,1,74.11746596896647
550,0,1,0,1,0,0,0,1,1,0,1,1,78.46511415088929
551,0,0,0,0,0,0,0,0,0,0,0,1,75.52029259610455
552,1,0,1,0,0,1,0,0,1,0,0,0,69.85205459691744
553,1,0,1,0,1,0,1,0,0,0,0,0,69.9052026517727
554,0,0,0,0,1,1,0,1,1,0,0,0,74.24205407462101
555,1,1,0,0,1,1,1,0,1,1,0,1,87.17223974085826
556,1,0,0,0,1,1,0,0,0,1,0,0,70.55308252177826
557,0,1,1,0,0,1,0,1,0,1,1,1,82.8117620620672
558,1,0,0,1,1,0,0,0,0,0,0,0,65.38496732204264
559,0,0,0,1,0,0,0,1,1,0,1,0,69.8971193504781
560,0,0,1,0,0,1,1,1,0,1,0,0,78.27403906367982
561,1,0,0,1,1,1,1,1,0,0,0,1,82.8199671845158
562,0,0,0,0,0,1,0,0,0,0,0,1,79.76819192196898
563,0,0,0,0,0,0,1,0,0,0,0,1,66.84061492454234
564,0,0,0,1,1,0,0,0,0,1,0,1,70.0585201126744
565,1,1,0,1,1,0,1,1,1,1,0,0,87.23028769663775
566,1,0,1,1,1,1,0,1,0,1,1,0,87.16537708460024
567,0,0,0,0,0,0,0,0,0,0,0,0,89.54804849305692
568,1,1,0,0,1,1,0,1,0,0,0,1,78.45652970225349
569,0,0,1,1,1,1,0,1,1,1,1,1,91.53552960868906
570,0,1,0,1,0,1,1,1,0,1,1,0,82.87254122060608
571,0,1,1,1,1,1,0,0,1,0,0,0,78.43789956403458
572,0,0,1,1,1,0,1,1,1,1,0,1,87.20338349585036
573,0,1,1,0,0,1,1,1,1,1,0,1,87.16453211510908
574,1,1,1,0,0,0,1,1,0,0,0,1,78.46279709208352
575,0,0,0,1,0,1,1,0,0,1,0,1,74.42475282032598
576,0,1,0,1,1,0,0,0,0,1,1,0,74.10085810912244
577,0,0,1,0,1,0,0,0,1,0,1,0,72.57409854876538
578,1,0,0,0,0,0,0,1,1,1,1,1,78.49290497146818
579,1,1,1,0,0,0,1,0,0,1,1,1,82.82193401119878
580,1,0,1,1,1,1,0,0,0,0,1,1,82.81067634687604
581,1,0,0,1,1,1,0,1,1,0,0,1,82.83264092108242
582,0,1,0,1,0,1,0,1,0,1,0,1,78.50162033026183
583,1,0,0,0,0,0,1,0,0,1,1,0,69.81018781325677
584,1,0,1,1,1,0,0,0,1,0,0,0,74.11530052290202
585,1,1,1,1,1,1,1,1,0,0,0,1,91.53092613089505
586,1,0,0,0,0,1,1,0,1,0,0,0,70.43689001396204
587,1,0,0,1,0,1,0,1,1,1,0,1,82.87769524737755
588,1,0,1,0,1,0,1,1,1,0,1,1,87.23773726452876
589,0,1,0,0,0,0,0,1,0,1,1,1,74.12989333385316
590,0,0,0,1,0,1,0,1,0,0,1,0,69.86614232853373
591,1,0,1,0,1,0,1,0,0,1,1,1,82.87890844034746
592,1,0,1,0,0,1,0,1,0,1,0,1,78.5714757668954
593,0,1,0,1,1,0,0,0,1,1,1,1,82.8226220220943
594,1,0,1,1,0,0,0,0,0,1,1,0,74.12517536446587
595,1,0,0,0,1,1,1,0,1,0,1,1,83.04308178875942
596,0,0,1,1,1,1,1,0,1,1,1,1,91.580322755437
597,1,0,1,1,0,0,0,1,0,1,1,0,78.44130858168802
598,1,1,0,1,0,0,0,0,0,1,0,0,69.7216084546711
599,1,1,1,0,0,0,1,0,1,0,1,1,82.83432451494164
600,1,1,0,1,1,1,0,0,0,1,0,0,78.51847621064229
601,0,0,1,0,0,1,1,0,0,0,1,1,77.02974522792317
602,0,1,0,1,0,1,1,0,0,0,0,1,74.10309469234501
603,0,1,1,0,0,1,0,0,0,1,1,0,74.0880529915281
604,0,1,0,0,1,1,1,0,0,1,0,0,74.0910129433277
605,1,1,0,0,0,0,0,1,0,1,0,1,74.12488372589262
606,1,0,0,1,1,1,1,1,1,0,1,1,91.52865538612508
607,0,1,1,0,0,0,0,0,0,1,0,0,65.40171319173533
608,0,1,0,0,0,1,1,1,1,1,1,1,87.16262779375877
609,1,0,1,1,0,1,0,1,0,0,0,0,74.12611833235454
610,1,0,1,0,1,1,0,0,1,0,0,0,74.16694096334804
611,0,1,0,0,1,1,1,1,0,0,1,1,82.80719427250445
612,0,0,1,0,0,1,0,0,0,0,0,1,69.85681170578592
613,1,0,1,1,1,0,0,1,0,1,1,0,82.81478369357966
