,0,1,2,3,4,5,6,7,8,9,AIC,BIC
32,0,0,0,0,1,0,0,0,0,0,35.60831322,61.53211031
48,0,0,0,0,1,1,0,0,0,0,33.99053178,62.2710377
160,0,0,1,0,1,0,0,0,0,0,34.96925858,63.2497645
96,0,0,0,1,1,0,0,0,0,0,35.07744864,63.35795456
304,0,1,0,0,1,1,0,0,0,0,32.86457073,63.50178547
112,0,0,0,1,1,1,0,0,0,0,32.98475529,63.62197004
176,0,0,1,0,1,1,0,0,0,0,32.98707946,63.62429421
544,1,0,0,0,1,0,0,0,0,0,35.41477042,63.69527634
560,1,0,0,0,1,1,0,0,0,0,33.06375987,63.70097462
288,0,1,0,0,1,0,0,0,0,0,35.50203284,63.78253876
33,0,0,0,0,1,0,0,0,0,1,37.40278661,65.68329253
36,0,0,0,0,1,0,0,1,0,0,37.59906312,65.87956904
34,0,0,0,0,1,0,0,0,1,0,37.60133271,65.88183863
40,0,0,0,0,1,0,1,0,0,0,37.60694091,65.88744683
49,0,0,0,0,1,1,0,0,0,1,35.94332856,66.58054331
50,0,0,0,0,1,1,0,0,1,0,35.94762493,66.58483967
56,0,0,0,0,1,1,1,0,0,0,35.97733447,66.61454922
52,0,0,0,0,1,1,0,1,0,0,35.98298387,66.62019862
512,1,0,0,0,0,0,0,0,0,0,40.87429903,66.79809612
64,0,0,0,1,0,0,0,0,0,0,41.21110471,67.13490181
672,1,0,1,0,1,0,0,0,0,0,36.77405682,67.41127157
98,0,0,0,1,1,0,0,0,1,0,36.90236609,67.53958083
161,0,0,1,0,1,0,0,0,0,1,36.906443,67.54365775
256,0,1,0,0,0,0,0,0,0,0,41.64612944,67.56992653
416,0,1,1,0,1,0,0,0,0,0,36.97618797,67.61340272
800,1,1,0,0,1,0,0,0,0,0,37.08371504,67.72092979
546,1,0,0,0,1,0,0,0,1,0,37.09013469,67.72734944
432,0,1,1,0,1,1,0,0,0,0,34.77779496,67.77171854
352,0,1,0,1,1,0,0,0,0,0,37.1358181,67.77303285
292,0,1,0,0,1,0,0,1,0,0,37.13865715,67.77587189
178,0,0,1,0,1,1,0,0,1,0,34.79212512,67.7860487
240,0,0,1,1,1,1,0,0,0,0,34.79807228,67.79199585
608,1,0,0,1,1,0,0,0,0,0,37.1616494,67.79886414
688,1,0,1,0,1,1,0,0,0,0,34.80508886,67.79901243
624,1,0,0,1,1,1,0,0,0,0,34.85698011,67.85090368
306,0,1,0,0,1,1,0,0,1,0,34.85756396,67.85148754
305,0,1,0,0,1,1,0,0,0,1,34.85909486,67.85301843
308,0,1,0,0,1,1,0,1,0,0,34.86754265,67.86146622
368,0,1,0,1,1,1,0,0,0,0,34.87670046,67.87062403
312,0,1,0,0,1,1,1,0,0,0,34.9002166,67.89414017
816,1,1,0,0,1,1,0,0,0,0,34.92170295,67.91562652
224,0,0,1,1,1,0,0,0,0,0,37.2997331,67.93694785
177,0,0,1,0,1,1,0,0,0,1,34.98617859,67.98010217
113,0,0,0,1,1,1,0,0,0,1,34.98812784,67.98205141
114,0,0,0,1,1,1,0,0,1,0,34.9887045,67.98262807
116,0,0,0,1,1,1,0,1,0,0,34.98901905,67.98294263
180,0,0,1,0,1,1,0,1,0,0,35.00402902,67.99795259
184,0,0,1,0,1,1,1,0,0,0,35.0134032,68.00732677
552,1,0,0,0,1,0,1,0,0,0,37.3951224,68.03233714
548,1,0,0,0,1,0,0,1,0,0,37.39584984,68.03306459
120,0,0,0,1,1,1,1,0,0,0,35.04152713,68.0354507
545,1,0,0,0,1,0,0,0,0,1,37.40369466,68.04090941
100,0,0,0,1,1,0,0,1,0,0,37.40638972,68.04360447
104,0,0,0,1,1,0,1,0,0,0,37.41090738,68.04812213
97,0,0,0,1,1,0,0,0,0,1,37.41237104,68.04958579
561,1,0,0,0,1,1,0,0,0,1,35.06694528,68.06086885
562,1,0,0,0,1,1,0,0,1,0,35.0716923,68.06561587
564,1,0,0,0,1,1,0,1,0,0,35.07521906,68.06914264
296,0,1,0,0,1,0,1,0,0,0,37.48614848,68.12336323
290,0,1,0,0,1,0,0,0,1,0,37.49085424,68.12806899
289,0,1,0,0,1,0,0,0,0,1,37.49294055,68.1301553
568,1,0,0,0,1,1,1,0,0,0,35.13671802,68.13064159
164,0,0,1,0,1,0,0,1,0,0,37.56583163,68.20304638
162,0,0,1,0,1,0,0,0,1,0,37.57894475,68.2161595
168,0,0,1,0,1,0,1,0,0,0,37.58109728,68.21831203
528,1,0,0,0,0,1,0,0,0,0,40.3553853,68.63589122
80,0,0,0,1,0,1,0,0,0,0,40.44256566,68.72307158
272,0,1,0,0,0,1,0,0,0,0,40.73719801,69.01770393
16,0,0,0,0,0,1,0,0,0,0,43.38813177,69.31192886
128,0,0,1,0,0,0,0,0,0,0,43.55924759,69.48304469
516,1,0,0,0,0,0,0,1,0,0,41.70839766,69.98890358
520,1,0,0,0,0,0,1,0,0,0,41.75553919,70.03604511
257,0,1,0,0,0,0,0,0,0,1,41.78672314,70.06722906
513,1,0,0,0,0,0,0,0,0,1,41.82729107,70.10779699
514,1,0,0,0,0,0,0,0,1,0,41.82826561,70.10877153
144,0,0,1,0,0,1,0,0,0,0,41.87659591,70.15710183
41,0,0,0,0,1,0,1,0,0,1,39.53114948,70.16836423
37,0,0,0,0,1,0,0,1,0,1,39.54214165,70.17935639
42,0,0,0,0,1,0,1,0,1,0,39.54503422,70.18224896
38,0,0,0,0,1,0,0,1,1,0,39.55732689,70.19454164
44,0,0,0,0,1,0,1,1,0,0,39.59518745,70.2324022
35,0,0,0,0,1,0,0,0,1,1,39.60057825,70.23779299
68,0,0,0,1,0,0,0,1,0,0,41.97969948,70.2602054
72,0,0,0,1,0,0,1,0,0,0,41.98913571,70.26964163
66,0,0,0,1,0,0,0,0,1,0,42.08434705,70.36485297
258,0,1,0,0,0,0,0,0,1,0,42.10095888,70.3814648
65,0,0,0,1,0,0,0,0,0,1,42.11887842,70.39938434
264,0,1,0,0,0,0,1,0,0,0,42.32996873,70.61047465
260,0,1,0,0,0,0,0,1,0,0,42.35527318,70.6357791
57,0,0,0,0,1,1,1,0,0,1,37.83885141,70.83277499
53,0,0,0,0,1,1,0,1,0,1,37.85567984,70.84960342
58,0,0,0,0,1,1,1,0,1,0,37.92914609,70.92306966
54,0,0,0,0,1,1,0,1,1,0,37.93196944,70.92589301
51,0,0,0,0,1,1,0,0,1,1,37.94367448,70.93759806
60,0,0,0,0,1,1,1,1,0,0,37.97105859,70.96498216
576,1,0,0,1,0,0,0,0,0,0,42.69415542,70.97466134
768,1,1,0,0,0,0,0,0,0,0,42.69865294,70.97915886
640,1,0,1,0,0,0,0,0,0,0,42.72366052,71.00416644
320,0,1,0,1,0,0,0,0,0,0,42.83289079,71.11339671
192,0,0,1,1,0,0,0,0,0,0,42.98096598,71.2614719
384,0,1,1,0,0,0,0,0,0,0,43.42478727,71.70529319
674,1,0,1,0,1,0,0,0,1,0,38.76070451,71.75462809
928,1,1,1,0,1,0,0,0,0,0,38.76427134,71.75819492
165,0,0,1,0,1,0,0,1,0,1,38.99310281,71.98702639
136,0,0,1,0,0,0,1,0,0,0,43.71406402,71.99456994
690,1,0,1,0,1,1,0,0,1,0,36.65684028,72.00747268
626,1,0,0,1,1,1,0,0,1,0,36.67738208,72.02801448
132,0,0,1,0,0,0,0,1,0,0,43.75169044,72.03219636
433,0,1,1,0,1,1,0,0,0,1,36.76599786,72.11663026
434,0,1,1,0,1,1,0,0,1,0,36.76783873,72.11847113
736,1,0,1,1,1,0,0,0,0,0,39.1285316,72.12245518
130,0,0,1,0,0,0,0,0,1,0,43.84632699,72.12683291
436,0,1,1,0,1,1,0,1,0,0,36.78352739,72.13415979
752,1,0,1,1,1,1,0,0,0,0,36.78440487,72.13503727
944,1,1,1,0,1,1,0,0,0,0,36.7924716,72.143104
241,0,0,1,1,1,1,0,0,0,1,36.79603637,72.14666877
242,0,0,1,1,1,1,0,0,1,0,36.8009784,72.1516108
496,0,1,1,1,1,1,0,0,0,0,36.8010721,72.1517045
689,1,0,1,0,1,1,0,0,0,1,36.80619155,72.15682395
356,0,1,0,1,1,0,0,1,0,0,39.17534069,72.16926426
313,0,1,0,0,1,1,1,0,0,1,36.8214574,72.1720898
248,0,0,1,1,1,1,1,0,0,0,36.82295314,72.17358554
696,1,0,1,0,1,1,1,0,0,0,36.82516083,72.17579323
440,0,1,1,0,1,1,1,0,0,0,36.82562069,72.17625309
692,1,0,1,0,1,1,0,1,0,0,36.82628719,72.17691959
244,0,0,1,1,1,1,0,1,0,0,36.82700957,72.17764197
480,0,1,1,1,1,0,0,0,0,0,39.18566219,72.17958576
118,0,0,0,1,1,1,0,1,1,0,36.83820057,72.18883297
310,0,1,0,0,1,1,0,1,1,0,36.84563046,72.19626286
309,0,1,0,0,1,1,0,1,0,1,36.84964699,72.20027939
369,0,1,0,1,1,1,0,0,0,1,36.85358804,72.20422044
880,1,1,0,1,1,1,0,0,0,0,36.85821261,72.20884501
625,1,0,0,1,1,1,0,0,0,1,36.85960924,72.21024164
628,1,0,0,1,1,1,0,1,0,0,36.86009614,72.21072854
314,0,1,0,0,1,1,1,0,1,0,36.86268473,72.21331713
818,1,1,0,0,1,1,0,0,1,0,36.86372859,72.21436099
307,0,1,0,0,1,1,0,0,1,1,36.86489399,72.21552639
817,1,1,0,0,1,1,0,0,0,1,36.8666391,72.2172715
370,0,1,0,1,1,1,0,0,1,0,36.87112556,72.22175796
129,0,0,1,0,0,0,0,0,0,1,43.94550841,72.22601433
673,1,0,1,0,1,0,0,0,0,1,39.23519183,72.2291154
676,1,0,1,0,1,0,0,1,0,0,39.2388838,72.23280737
680,1,0,1,0,1,0,1,0,0,0,39.2400863,72.23400987
569,1,0,0,0,1,1,1,0,0,1,36.89246141,72.24309381
820,1,1,0,0,1,1,0,1,0,0,36.90374695,72.25437935
316,0,1,0,0,1,1,1,1,0,0,36.92256102,72.27319342
232,0,0,1,1,1,0,1,0,0,0,39.28252405,72.27644763
632,1,0,0,1,1,1,1,0,0,0,36.92801709,72.27864949
228,0,0,1,1,1,0,0,1,0,0,39.28749718,72.28142075
372,0,1,0,1,1,1,0,1,0,0,36.93507958,72.28571198
824,1,1,0,0,1,1,1,0,0,0,36.93584246,72.28647486
225,0,0,1,1,1,0,0,0,0,1,39.29296781,72.28689138
226,0,0,1,1,1,0,0,0,1,0,39.29376163,72.28768521
81,0,0,0,1,0,1,0,0,0,1,41.65102394,72.28823868
121,0,0,0,1,1,1,1,0,0,1,36.95388373,72.30451613
117,0,0,0,1,1,1,0,1,0,1,36.95687042,72.30750282
553,1,0,0,0,1,0,1,0,0,1,39.31413505,72.30805863
105,0,0,0,1,1,0,1,0,0,1,39.31881716,72.31274073
566,1,0,0,0,1,1,0,1,1,0,36.97228691,72.32291931
549,1,0,0,0,1,0,0,1,0,1,39.3317189,72.32564248
181,0,0,1,0,1,1,0,1,0,1,36.97533726,72.32596966
122,0,0,0,1,1,1,1,0,1,0,36.97718768,72.32782008
101,0,0,0,1,1,0,0,1,0,1,39.33757096,72.33149454
185,0,0,1,0,1,1,1,0,0,1,36.98215158,72.33278398
169,0,0,1,0,1,0,1,0,0,1,39.33900262,72.3329262
376,0,1,0,1,1,1,1,0,0,0,36.98346357,72.33409597
115,0,0,0,1,1,1,0,0,1,1,36.98436858,72.33500098
179,0,0,1,0,1,1,0,0,1,1,36.98538666,72.33601906
182,0,0,1,0,1,1,0,1,1,0,36.98883766,72.33947006
186,0,0,1,0,1,1,1,0,1,0,36.99728277,72.34791517
188,0,0,1,0,1,1,1,1,0,0,36.99849032,72.34912272
106,0,0,0,1,1,0,1,0,1,0,39.35977414,72.35369771
102,0,0,0,1,1,0,0,1,1,0,39.36201297,72.35593655
550,1,0,0,0,1,0,0,1,1,0,39.36605269,72.35997626
124,0,0,0,1,1,1,1,1,0,0,37.0124323,72.3630647
554,1,0,0,0,1,0,1,0,1,0,39.37490388,72.36882745
297,0,1,0,0,1,0,1,0,0,1,39.3798513,72.37377488
424,0,1,1,0,1,0,1,0,0,0,39.38861691,72.38254048
616,1,0,0,1,1,0,1,0,0,0,39.39275564,72.38667922
565,1,0,0,0,1,1,0,1,0,1,37.04237373,72.39300613
609,1,0,0,1,1,0,0,0,0,1,39.39950469,72.39342826
804,1,1,0,0,1,0,0,1,0,0,39.39985487,72.39377845
418,0,1,1,0,1,0,0,0,1,0,39.40019281,72.39411638
610,1,0,0,1,1,0,0,0,1,0,39.40190939,72.39583296
353,0,1,0,1,1,0,0,0,0,1,39.40231388,72.39623745
801,1,1,0,0,1,0,0,0,0,1,39.40254638,72.39646996
612,1,0,0,1,1,0,0,1,0,0,39.40286851,72.39679209
808,1,1,0,0,1,0,1,0,0,0,39.40568102,72.39960459
547,1,0,0,0,1,0,0,0,1,1,39.40600932,72.3999329
570,1,0,0,0,1,1,1,0,1,0,37.05065714,72.40128954
802,1,1,0,0,1,0,0,0,1,0,39.40739365,72.40131722
420,0,1,1,0,1,0,0,1,0,0,39.40963203,72.4035556
99,0,0,0,1,1,0,0,0,1,1,39.4097152,72.40363877
354,0,1,0,1,1,0,0,0,1,0,39.40972995,72.40365353
360,0,1,0,1,1,0,1,0,0,0,39.41083696,72.40476054
556,1,0,0,0,1,0,1,1,0,0,39.41390518,72.40782876
864,1,1,0,1,1,0,0,0,0,0,39.41399845,72.40792203
293,0,1,0,0,1,0,0,1,0,1,39.41476393,72.40868751
417,0,1,1,0,1,0,0,0,0,1,39.41549027,72.40941385
563,1,0,0,0,1,1,0,0,1,1,37.05896636,72.40959876
108,0,0,0,1,1,0,1,1,0,0,39.4164299,72.41035348
298,0,1,0,0,1,0,1,0,1,0,39.43504246,72.42896604
294,0,1,0,0,1,0,0,1,1,0,39.43514434,72.42906791
1,0,0,0,0,0,0,0,0,0,1,46.54372841,72.4675255
170,0,0,1,0,1,0,1,0,1,0,39.47742286,72.47134643
166,0,0,1,0,1,0,0,1,1,0,39.47826236,72.47218593
300,0,1,0,0,1,0,1,1,0,0,39.48752823,72.48145181
291,0,1,0,0,1,0,0,0,1,1,39.48883055,72.48275412
572,1,0,0,0,1,1,1,1,0,0,37.19294596,72.54357836
82,0,0,0,1,0,1,0,0,1,0,41.91616906,72.5533838
84,0,0,0,1,0,1,0,1,0,0,41.92596953,72.56318428
163,0,0,1,0,1,0,0,0,1,1,39.57550734,72.56943091
172,0,0,1,0,1,0,1,1,0,0,39.57898718,72.57291076
532,1,0,0,0,0,1,0,1,0,0,42.09395654,72.73117129
536,1,0,0,0,0,1,1,0,0,0,42.09765258,72.73486732
274,0,1,0,0,0,1,0,0,1,0,42.1272533,72.76446805
530,1,0,0,0,0,1,0,0,1,0,42.13817923,72.77539397
529,1,0,0,0,0,1,0,0,0,1,42.15721471,72.79442945
592,1,0,0,1,0,1,0,0,0,0,42.15945387,72.79666862
88,0,0,0,1,0,1,1,0,0,0,42.28256863,72.91978338
8,0,0,0,0,0,0,1,0,0,0,47.04074025,72.96453735
784,1,1,0,0,0,1,0,0,0,0,42.32999147,72.96720622
4,0,0,0,0,0,0,0,1,0,0,47.05035607,72.97415316
20,0,0,0,0,0,1,0,1,0,0,44.71143543,72.99194135
24,0,0,0,0,0,1,1,0,0,0,44.75954582,73.04005174
2,0,0,0,0,0,0,0,0,1,0,47.12041591,73.044213
336,0,1,0,1,0,1,0,0,0,0,42.4216084,73.05882315
18,0,0,0,0,0,1,0,0,1,0,44.80213516,73.08264108
656,1,0,1,0,0,1,0,0,0,0,42.46114844,73.09836319
17,0,0,0,0,0,1,0,0,0,1,44.87638857,73.15689449
276,0,1,0,0,0,1,0,1,0,0,42.59487655,73.2320913
280,0,1,0,0,0,1,1,0,0,0,42.62381981,73.26103456
208,0,0,1,1,0,1,0,0,0,0,42.65854193,73.29575667
273,0,1,0,0,0,1,0,0,0,1,42.70178064,73.33899538
400,0,1,1,0,0,1,0,0,0,0,42.90743604,73.54465078
146,0,0,1,0,0,1,0,0,1,0,42.98122302,73.61843777
0,0,0,0,0,0,0,0,0,0,0,50.14249834,73.70958661
641,1,0,1,0,0,0,0,0,0,1,43.1425016,73.77971635
148,0,0,1,0,0,1,0,1,0,0,43.26410938,73.90132412
152,0,0,1,0,0,1,1,0,0,0,43.28878453,73.92599928
67,0,0,0,1,0,0,0,0,1,1,43.34658485,73.9837996
642,1,0,1,0,0,0,0,0,1,0,43.41598776,74.05320251
145,0,0,1,0,0,1,0,0,0,1,43.41996882,74.05718356
517,1,0,0,0,0,0,0,1,0,1,43.54179271,74.17900746
580,1,0,0,1,0,0,0,1,0,0,43.55611932,74.19333407
648,1,0,1,0,0,0,1,0,0,0,43.59315806,74.23037281
644,1,0,1,0,0,0,0,1,0,0,43.60578765,74.2430024
584,1,0,0,1,0,0,1,0,0,0,43.61292375,74.25013849
776,1,1,0,0,0,0,1,0,0,0,43.61692703,74.25414178
772,1,1,0,0,0,0,0,1,0,0,43.62667699,74.26389174
518,1,0,0,0,0,0,0,1,1,0,43.62885288,74.26606762
521,1,0,0,0,0,0,1,0,0,1,43.64601826,74.283233
578,1,0,0,1,0,0,0,0,1,0,43.66637576,74.3035905
577,1,0,0,1,0,0,0,0,0,1,43.66648481,74.30369956
321,0,1,0,1,0,0,0,0,0,1,43.67362254,74.31083729
522,1,0,0,0,0,0,1,0,1,0,43.67439143,74.31160618
770,1,1,0,0,0,0,0,0,1,0,43.67861583,74.31583057
769,1,1,0,0,0,0,0,0,0,1,43.68587664,74.32309139
524,1,0,0,0,0,0,1,1,0,0,43.71504412,74.35225886
328,0,1,0,1,0,0,1,0,0,0,43.77084637,74.40806111
73,0,0,0,1,0,0,1,0,0,1,43.78358225,74.42079699
69,0,0,0,1,0,0,0,1,0,1,43.78836217,74.42557692
324,0,1,0,1,0,0,0,1,0,0,43.79355829,74.43077303
196,0,0,1,1,0,0,0,1,0,0,43.8045616,74.44177635
515,1,0,0,0,0,0,0,0,1,1,43.81422122,74.45143597
200,0,0,1,1,0,0,1,0,0,0,43.81575381,74.45296855
322,0,1,0,1,0,0,0,0,1,0,43.81912841,74.45634315
70,0,0,0,1,0,0,0,1,1,0,43.87538737,74.51260212
45,0,0,0,0,1,0,1,1,0,1,41.51976904,74.51369261
43,0,0,0,0,1,0,1,0,1,1,41.52630349,74.52022706
194,0,0,1,1,0,0,0,0,1,0,43.90148463,74.53869938
39,0,0,0,0,1,0,0,1,1,1,41.54984549,74.54376906
193,0,0,1,1,0,0,0,0,0,1,43.91223702,74.54945177
74,0,0,0,1,0,0,1,0,1,0,43.91402758,74.55124233
46,0,0,0,0,1,0,1,1,1,0,41.5726471,74.56657067
76,0,0,0,1,0,0,1,1,0,0,43.98064349,74.61785824
261,0,1,0,0,0,0,0,1,0,1,44.120614,74.75782875
265,0,1,0,0,0,0,1,0,0,1,44.13465515,74.7718699
392,0,1,1,0,0,0,1,0,0,0,44.16160027,74.79881502
388,0,1,1,0,0,0,0,1,0,0,44.17213681,74.80935156
266,0,1,0,0,0,0,1,0,1,0,44.22427117,74.86148592
262,0,1,0,0,0,0,0,1,1,0,44.24788081,74.88509556
386,0,1,1,0,0,0,0,0,1,0,44.25760015,74.8948149
385,0,1,1,0,0,0,0,0,0,1,44.27604801,74.91326276
268,0,1,0,0,0,0,1,1,0,0,44.31732141,74.95453616
259,0,1,0,0,0,0,0,0,1,1,44.42252982,75.05974457
61,0,0,0,0,1,1,1,1,0,1,39.80725128,75.15788368
59,0,0,0,0,1,1,1,0,1,1,39.84209182,75.19272422
55,0,0,0,0,1,1,0,1,1,1,39.86337435,75.21400675
62,0,0,0,0,1,1,1,1,1,0,39.9278558,75.2784882
704,1,0,1,1,0,0,0,0,0,0,44.64675335,75.2839681
896,1,1,1,0,0,0,0,0,0,0,44.64831037,75.28552511
832,1,1,0,1,0,0,0,0,0,0,44.70180522,75.33901997
448,0,1,1,1,0,0,0,0,0,0,44.75135387,75.38856861
137,0,0,1,0,0,0,1,0,0,1,45.09107586,75.72829061
930,1,1,1,0,1,0,0,0,1,0,40.69440568,76.04503808
133,0,0,1,0,0,0,0,1,0,1,45.44632305,76.08353779
738,1,0,1,1,1,0,0,0,1,0,40.82281788,76.17345028
740,1,0,1,1,1,0,0,1,0,0,40.85685322,76.20748562
134,0,0,1,0,0,0,0,1,1,0,45.593307,76.23052174
691,1,0,1,0,1,1,0,0,1,1,38.59061148,76.2979527
138,0,0,1,0,0,0,1,0,1,0,45.66206423,76.29927898
677,1,0,1,0,1,0,0,1,0,1,40.95350062,76.30413302
611,1,0,0,1,1,0,0,0,1,1,40.96233787,76.31297027
140,0,0,1,0,0,0,1,1,0,0,45.70157992,76.33879467
555,1,0,0,0,1,0,1,0,1,1,41.02663241,76.37726481
419,0,1,1,0,1,0,0,0,1,1,41.03213391,76.38276631
593,1,0,0,1,0,1,0,0,0,1,43.39864914,76.39257271
785,1,1,0,0,0,1,0,0,0,1,43.40527119,76.39919477
551,1,0,0,0,1,0,0,1,1,1,41.05935962,76.40999202
803,1,1,0,0,1,0,0,0,1,1,41.07062086,76.42125326
311,0,1,0,0,1,1,0,1,1,1,38.72834636,76.43568759
681,1,0,1,0,1,0,1,0,0,1,41.09128976,76.44192216
533,1,0,0,0,0,1,0,1,0,1,43.44874553,76.4426691
613,1,0,0,1,1,0,0,1,0,1,41.09293711,76.44356951
868,1,1,0,1,1,0,0,1,0,0,41.10274224,76.45337464
438,0,1,1,0,1,1,0,1,1,0,38.74804339,76.45538461
754,1,0,1,1,1,1,0,0,1,0,38.75766509,76.46500632
187,0,0,1,0,1,1,1,0,1,1,38.75968395,76.46702518
437,0,1,1,0,1,1,0,1,0,1,38.76187558,76.4692168
992,1,1,1,1,1,0,0,0,0,0,41.12189429,76.47252669
435,0,1,1,0,1,1,0,0,1,1,38.7657075,76.47304872
945,1,1,1,0,1,1,0,0,0,1,38.77225828,76.47959951
946,1,1,1,0,1,1,0,0,1,0,38.77333579,76.48067702
929,1,1,1,0,1,0,0,0,0,1,41.13151793,76.48215033
498,0,1,1,1,1,1,0,0,1,0,38.77576351,76.48310474
737,1,0,1,1,1,0,0,0,0,1,41.13441643,76.48504883
441,0,1,1,0,1,1,1,0,0,1,38.77866018,76.48600141
245,0,0,1,1,1,1,0,1,0,1,38.78434007,76.4916813
932,1,1,1,0,1,0,0,1,0,0,41.14169983,76.49233223
233,0,0,1,1,1,0,1,0,0,1,41.14491303,76.49554543
229,0,0,1,1,1,0,0,1,0,1,41.14527212,76.49590452
936,1,1,1,0,1,0,1,0,0,0,41.1459225,76.4965549
497,0,1,1,1,1,1,0,0,0,1,38.78956462,76.49690585
249,0,0,1,1,1,1,1,0,0,1,38.7901506,76.49749182
1008,1,1,1,1,1,1,0,0,0,0,38.79045384,76.49779507
317,0,1,0,0,1,1,1,1,0,1,38.79045791,76.49779914
753,1,0,1,1,1,1,0,0,0,1,38.79143876,76.49877999
131,0,0,1,0,0,0,0,0,1,1,45.86218628,76.49940103
697,1,0,1,0,1,1,1,0,0,1,38.79611546,76.50345668
442,0,1,1,0,1,1,1,0,1,0,38.79674173,76.50408296
243,0,0,1,1,1,1,0,0,1,1,38.79790948,76.5052507
444,0,1,1,0,1,1,1,1,0,0,38.79980142,76.50714265
693,1,0,1,0,1,1,0,1,0,1,38.80217512,76.50951635
630,1,0,0,1,1,1,0,1,1,0,38.8050241,76.51236532
744,1,0,1,1,1,0,1,0,0,0,41.16556608,76.51619848
694,1,0,1,0,1,1,0,1,1,0,38.80903102,76.51637225
250,0,0,1,1,1,1,1,0,1,0,38.81024591,76.51758714
952,1,1,1,0,1,1,1,0,0,0,38.81119629,76.51853752
377,0,1,0,1,1,1,1,0,0,1,38.81265589,76.51999711
948,1,1,1,0,1,1,0,1,0,0,38.81319639,76.52053762
252,0,0,1,1,1,1,1,1,0,0,38.81500496,76.52234618
756,1,0,1,1,1,1,0,1,0,0,38.82081168,76.52815291
825,1,1,0,0,1,1,1,0,0,1,38.82229846,76.52963968
698,1,0,1,0,1,1,1,0,1,0,38.82233286,76.52967408
760,1,0,1,1,1,1,1,0,0,0,38.82558114,76.53292237
633,1,0,0,1,1,1,1,0,0,1,38.82578215,76.53312338
682,1,0,1,0,1,0,1,0,1,0,41.18383237,76.53446477
504,0,1,1,1,1,1,1,0,0,0,38.82719854,76.53453976
500,0,1,1,1,1,1,0,1,0,0,38.82898746,76.53632869
246,0,0,1,1,1,1,0,1,1,0,38.83318808,76.5405293
315,0,1,0,0,1,1,1,0,1,1,38.83688214,76.54422337
678,1,0,1,0,1,0,0,1,1,0,41.19385554,76.54448794
481,0,1,1,1,1,0,0,0,0,1,41.1975038,76.5481362
629,1,0,0,1,1,1,0,1,0,1,38.8436258,76.55096703
373,0,1,0,1,1,1,0,1,0,1,38.84996718,76.55730841
378,0,1,0,1,1,1,1,0,1,0,38.85236754,76.55970877
700,1,0,1,0,1,1,1,1,0,0,38.85275765,76.56009888
819,1,1,0,0,1,1,0,0,1,1,38.85597925,76.56332047
881,1,1,0,1,1,1,0,0,0,1,38.85766006,76.56500129
425,0,1,1,0,1,0,1,0,0,1,41.21470768,76.56534008
634,1,0,0,1,1,1,1,0,1,0,38.85886433,76.56620555
882,1,1,0,1,1,1,0,0,1,0,38.86099666,76.56833789
627,1,0,0,1,1,1,0,0,1,1,38.86154285,76.56888407
884,1,1,0,1,1,1,0,1,0,0,38.86444901,76.57179024
482,0,1,1,1,1,0,0,0,1,0,41.22122971,76.57186211
230,0,0,1,1,1,0,0,1,1,0,41.22158477,76.57221717
821,1,1,0,0,1,1,0,1,0,1,38.86691343,76.57425466
374,0,1,0,1,1,1,0,1,1,0,38.86967075,76.57701197
234,0,0,1,1,1,0,1,0,1,0,41.22685289,76.57748529
357,0,1,0,1,1,0,0,1,0,1,41.22874967,76.57938207
371,0,1,0,1,1,1,0,0,1,1,38.87323454,76.58057577
684,1,0,1,0,1,0,1,1,0,0,41.23366745,76.58429985
675,1,0,1,0,1,0,0,0,1,1,41.23522984,76.58586224
822,1,1,0,0,1,1,0,1,1,0,38.88446662,76.59180785
318,0,1,0,0,1,1,1,1,1,0,38.8865944,76.59393563
888,1,1,0,1,1,1,1,0,0,0,38.88719023,76.59453146
806,1,1,0,0,1,0,0,1,1,0,41.25317721,76.60380961
484,0,1,1,1,1,0,0,1,0,0,41.25663878,76.60727118
826,1,1,0,0,1,1,1,0,1,0,38.90554257,76.6128838
488,0,1,1,1,1,0,1,0,0,0,41.26358845,76.61422085
227,0,0,1,1,1,0,0,0,1,1,41.28946364,76.64009604
236,0,0,1,1,1,0,1,1,0,0,41.29318788,76.64382028
573,1,0,0,0,1,1,1,1,0,1,38.94303459,76.65037581
421,0,1,1,0,1,0,0,1,0,1,41.30574238,76.65637479
125,0,0,0,1,1,1,1,1,0,1,38.94962521,76.65696644
557,1,0,0,0,1,0,1,1,0,1,41.30889246,76.65952486
809,1,1,0,0,1,0,1,0,0,1,41.30981037,76.66044277
617,1,0,0,1,1,0,1,0,0,1,41.31531438,76.66594678
107,0,0,0,1,1,0,1,0,1,1,41.3178994,76.6685318
119,0,0,0,1,1,1,0,1,1,1,38.96550793,76.67284915
828,1,1,0,0,1,1,1,1,0,0,38.9681498,76.67549103
361,0,1,0,1,1,0,1,0,0,1,41.32636102,76.67699342
123,0,0,0,1,1,1,1,0,1,1,38.96985569,76.67719691
422,0,1,1,0,1,0,0,1,1,0,41.32715059,76.67778299
189,0,0,1,0,1,1,1,1,0,1,38.97068878,76.67803001
173,0,0,1,0,1,0,1,1,0,1,41.33242113,76.68305353
183,0,0,1,0,1,1,0,1,1,1,38.97795062,76.68529185
103,0,0,0,1,1,0,0,1,1,1,41.33562365,76.68625605
109,0,0,0,1,1,0,1,1,0,1,41.33989832,76.69053072
126,0,0,0,1,1,1,1,1,1,0,38.99259939,76.69994061
805,1,1,0,0,1,0,0,1,0,1,41.35062059,76.70125299
171,0,0,1,0,1,0,1,0,1,1,41.35172284,76.70235524
426,0,1,1,0,1,0,1,0,1,0,41.35425986,76.70489227
190,0,0,1,0,1,1,1,1,1,0,38.99803678,76.705378
618,1,0,0,1,1,0,1,0,1,0,41.35771392,76.70834632
358,0,1,0,1,1,0,0,1,1,0,41.36127314,76.71190554
558,1,0,0,0,1,0,1,1,1,0,41.36272333,76.71335573
810,1,1,0,0,1,0,1,0,1,0,41.36646712,76.71709952
362,0,1,0,1,1,0,1,0,1,0,41.36950956,76.72014196
85,0,0,0,1,0,1,0,1,0,1,43.7265978,76.72052137
110,0,0,0,1,1,0,1,1,1,0,41.37082398,76.72145638
636,1,0,0,1,1,1,1,1,0,0,39.01467287,76.7220141
614,1,0,0,1,1,0,0,1,1,0,41.37152896,76.72216136
571,1,0,0,0,1,1,1,0,1,1,39.02024465,76.72758588
301,0,1,0,0,1,0,1,1,0,1,41.38577278,76.73640518
299,0,1,0,0,1,0,1,0,1,1,41.39110629,76.74173869
567,1,0,0,0,1,1,0,1,1,1,39.0368294,76.74417062
295,0,1,0,0,1,0,0,1,1,1,41.39471948,76.74535188
872,1,1,0,1,1,0,1,0,0,0,41.39555738,76.74618978
364,0,1,0,1,1,0,1,1,0,0,41.39780728,76.74843968
428,0,1,1,0,1,0,1,1,0,0,41.3996145,76.7502469
866,1,1,0,1,1,0,0,0,1,0,41.40293644,76.75356884
865,1,1,0,1,1,0,0,0,0,1,41.40352597,76.75415837
355,0,1,0,1,1,0,0,0,1,1,41.40374386,76.75437626
812,1,1,0,0,1,0,1,1,0,0,41.40526549,76.75589789
620,1,0,0,1,1,0,1,1,0,0,41.40561692,76.75624932
658,1,0,1,0,0,1,0,0,1,0,43.76663859,76.76056216
574,1,0,0,0,1,1,1,1,1,0,39.0599544,76.76729563
302,0,1,0,0,1,0,1,1,1,0,41.43877721,76.78940961
167,0,0,1,0,1,0,0,1,1,1,41.44206619,76.79269859
380,0,1,0,1,1,1,1,1,0,0,39.08588277,76.793224
174,0,0,1,0,1,0,1,1,1,0,41.46900397,76.81963637
277,0,1,0,0,0,1,0,1,0,1,43.89235757,76.88628115
786,1,1,0,0,0,1,0,0,1,0,43.89931729,76.89324086
537,1,0,0,0,0,1,1,0,0,1,43.9023655,76.89628907
596,1,0,0,1,0,1,0,1,0,0,43.92405419,76.91797776
210,0,0,1,1,0,1,0,0,1,0,43.94491772,76.9388413
788,1,1,0,0,0,1,0,1,0,0,43.94503222,76.93895579
408,0,1,1,0,0,1,1,0,0,0,43.94987508,76.94379865
600,1,0,0,1,0,1,1,0,0,0,43.95146753,76.9453911
538,1,0,0,0,0,1,1,0,1,0,43.98242435,76.97634792
792,1,1,0,0,0,1,1,0,0,0,43.99425337,76.98817694
594,1,0,0,1,0,1,0,0,1,0,44.00446982,76.99839339
534,1,0,0,0,0,1,0,1,1,0,44.01645005,77.01037362
720,1,0,1,1,0,1,0,0,0,0,44.04160529,77.03552886
664,1,0,1,0,0,1,1,0,0,0,44.04251274,77.03643631
660,1,0,1,0,0,1,0,1,0,0,44.04972061,77.04364418
540,1,0,0,0,0,1,1,1,0,0,44.09897561,77.09289918
340,0,1,0,1,0,1,0,1,0,0,44.11671107,77.11063464
337,0,1,0,1,0,1,0,0,0,1,44.12041546,77.11433903
344,0,1,0,1,0,1,1,0,0,0,44.13072725,77.12465083
338,0,1,0,1,0,1,0,0,1,0,44.14057369,77.13449727
657,1,0,1,0,0,1,0,0,0,1,44.14149563,77.13541921
531,1,0,0,0,0,1,0,0,1,1,44.14674983,77.1406734
21,0,0,0,0,0,1,0,1,0,1,46.50759735,77.1448121
89,0,0,0,1,0,1,1,0,0,1,44.15713104,77.15105462
86,0,0,0,1,0,1,0,1,1,0,44.17081736,77.16474094
25,0,0,0,0,0,1,1,0,0,1,46.54707249,77.18428723
5,0,0,0,0,0,0,0,1,0,1,48.92721231,77.20771823
90,0,0,0,1,0,1,1,0,1,0,44.22286248,77.21678605
26,0,0,0,0,0,1,1,0,1,0,46.58372966,77.22094441
212,0,0,1,1,0,1,0,1,0,0,44.24032011,77.23424368
216,0,0,1,1,0,1,1,0,0,0,44.25289111,77.24681468
22,0,0,0,0,0,1,0,1,1,0,46.62927128,77.26648603
6,0,0,0,0,0,0,0,1,1,0,48.99391815,77.27442407
9,0,0,0,0,0,0,1,0,0,1,48.99433436,77.27484028
92,0,0,0,1,0,1,1,1,0,0,44.28327365,77.27719722
10,0,0,0,0,0,0,1,0,1,0,49.00651831,77.28702423
912,1,1,1,0,0,1,0,0,0,0,44.30116982,77.2950934
12,0,0,0,0,0,0,1,1,0,0,49.02118223,77.30168815
209,0,0,1,1,0,1,0,0,0,1,44.32546903,77.3193926
848,1,1,0,1,0,1,0,0,0,0,44.3306222,77.32454577
28,0,0,0,0,0,1,1,1,0,0,46.71233257,77.34954731
83,0,0,0,1,0,1,0,0,1,1,44.37271251,77.36663609
281,0,1,0,0,0,1,1,0,0,1,44.40305538,77.39697896
464,0,1,1,1,0,1,0,0,0,0,44.42416344,77.41808702
278,0,1,0,0,0,1,0,1,1,0,44.44036162,77.43428519
19,0,0,0,0,0,1,0,0,1,1,46.80852246,77.4457372
3,0,0,0,0,0,0,0,0,1,1,49.1795607,77.46006662
149,0,0,1,0,0,1,0,1,0,1,44.47543544,77.46935901
282,0,1,0,0,0,1,1,0,1,0,44.48181269,77.47573627
404,0,1,1,0,0,1,0,1,0,0,44.51573717,77.50966075
402,0,1,1,0,0,1,0,0,1,0,44.5645517,77.55847527
284,0,1,0,0,0,1,1,1,0,0,44.57911933,77.5730429
401,0,1,1,0,0,1,0,0,0,1,44.58703148,77.58095505
275,0,1,0,0,0,1,0,0,1,1,44.6590065,77.65293007
771,1,1,0,0,0,0,0,0,1,1,45.01115874,78.00508231
643,1,0,1,0,0,0,0,0,1,1,45.02463104,78.01855461
833,1,1,0,1,0,0,0,0,0,1,45.06450228,78.05842585
150,0,0,1,0,0,1,0,1,1,0,45.07382054,78.06774411
153,0,0,1,0,0,1,1,0,0,1,45.11283352,78.10675709
645,1,0,1,0,0,0,0,1,0,1,45.14463993,78.1385635
154,0,0,1,0,0,1,1,0,1,0,45.1483991,78.14232267
773,1,1,0,0,0,0,0,1,0,1,45.17749077,78.17141434
712,1,0,1,1,0,0,1,0,0,0,45.18886042,78.18278399
195,0,0,1,1,0,0,0,0,1,1,45.29063561,78.28455919
523,1,0,0,0,0,0,1,0,1,1,45.32303666,78.31696023
156,0,0,1,0,0,1,1,1,0,0,45.34073045,78.33465402
147,0,0,1,0,0,1,0,0,1,1,45.35244367,78.34636725
834,1,1,0,1,0,0,0,0,1,0,45.37242312,78.36634669
325,0,1,0,1,0,0,0,1,0,1,45.38287057,78.37679414
75,0,0,0,1,0,0,1,0,1,1,45.38524057,78.37916414
774,1,1,0,0,0,0,0,1,1,0,45.40701711,78.40094069
77,0,0,0,1,0,0,1,1,0,1,45.43491745,78.42884102
585,1,0,0,1,0,0,1,0,0,1,45.46142942,78.45535299
581,1,0,0,1,0,0,0,1,0,1,45.48180707,78.47573064
387,0,1,1,0,0,0,0,0,1,1,45.48508223,78.4790058
777,1,1,0,0,0,0,1,0,0,1,45.48644291,78.48036648
582,1,0,0,1,0,0,0,1,1,0,45.5012625,78.49518607
586,1,0,0,1,0,0,1,0,1,0,45.51204961,78.50597318
778,1,1,0,0,0,0,1,0,1,0,45.51778402,78.51170759
588,1,0,0,1,0,0,1,1,0,0,45.53760785,78.53153142
646,1,0,1,0,0,0,0,1,1,0,45.54186534,78.53578891
708,1,0,1,1,0,0,0,1,0,0,45.549958,78.54388157
649,1,0,1,0,0,0,1,0,0,1,45.55597449,78.54989807
650,1,0,1,0,0,0,1,0,1,0,45.56113999,78.55506357
326,0,1,0,1,0,0,0,1,1,0,45.59283517,78.58675875
900,1,1,1,0,0,0,0,1,0,0,45.60113994,78.59506351
525,1,0,0,0,0,0,1,1,0,1,45.60558023,78.5995038
519,1,0,0,0,0,0,0,1,1,1,45.61440603,78.6083296
836,1,1,0,1,0,0,0,1,0,0,45.61603124,78.60995482
840,1,1,0,1,0,0,1,0,0,0,45.6178998,78.61182337
705,1,0,1,1,0,0,0,0,0,1,45.63468278,78.62860635
526,1,0,0,0,0,0,1,1,1,0,45.64009069,78.63401426
897,1,1,1,0,0,0,0,0,0,1,45.64021695,78.63414053
706,1,0,1,1,0,0,0,0,1,0,45.6434992,78.63742278
898,1,1,1,0,0,0,0,0,1,0,45.64983865,78.64376223
329,0,1,0,1,0,0,1,0,0,1,45.65022073,78.6441443
201,0,0,1,1,0,0,1,0,0,1,45.65233212,78.64625569
780,1,1,0,0,0,0,1,1,0,0,45.66084533,78.6547689
652,1,0,1,0,0,0,1,1,0,0,45.66470961,78.65863318
579,1,0,0,1,0,0,0,0,1,1,45.68443269,78.67835626
197,0,0,1,1,0,0,0,1,0,1,45.68985446,78.68377803
450,0,1,1,1,0,0,0,0,1,0,45.70191472,78.69583829
269,0,1,0,0,0,0,1,1,0,1,45.70781263,78.7017362
449,0,1,1,1,0,0,0,0,0,1,45.71873212,78.71265569
904,1,1,1,0,0,0,1,0,0,0,45.71933234,78.71325591
202,0,0,1,1,0,0,1,0,1,0,45.73673813,78.73066171
456,0,1,1,1,0,0,1,0,0,0,45.73839765,78.73232123
198,0,0,1,1,0,0,0,1,1,0,45.74197874,78.73590231
332,0,1,0,1,0,0,1,1,0,0,45.7635925,78.75751607
330,0,1,0,1,0,0,1,0,1,0,45.77066749,78.76459106
204,0,0,1,1,0,0,1,1,0,0,45.79160901,78.78553258
71,0,0,0,1,0,0,0,1,1,1,45.8386961,78.83261968
323,0,1,0,1,0,0,0,0,1,1,45.84351206,78.83743564
78,0,0,0,1,0,0,1,1,1,0,45.8839698,78.87789337
47,0,0,0,0,1,0,1,1,1,1,43.52837253,78.87900493
452,0,1,1,1,0,0,0,1,0,0,45.92119258,78.91511615
393,0,1,1,0,0,0,1,0,0,1,46.03216046,79.02608403
389,0,1,1,0,0,0,0,1,0,1,46.06807188,79.06199546
390,0,1,1,0,0,0,0,1,1,0,46.08596938,79.07989295
394,0,1,1,0,0,0,1,0,1,0,46.11464315,79.10856673
396,0,1,1,0,0,0,1,1,0,0,46.16846715,79.16239072
263,0,1,0,0,0,0,0,1,1,1,46.176664,79.17058758
267,0,1,0,0,0,0,1,0,1,1,46.18337693,79.1773005
270,0,1,0,0,0,0,1,1,1,0,46.21784367,79.21176724
63,0,0,0,0,1,1,1,1,1,1,41.82601352,79.53335475
960,1,1,1,1,0,0,0,0,0,0,46.64432486,79.63824843
139,0,0,1,0,0,0,1,0,1,1,47.1056124,80.09953597
931,1,1,1,0,1,0,0,0,1,1,42.63472919,80.34207042
679,1,0,1,0,1,0,0,1,1,1,42.71230452,80.41964575
485,0,1,1,1,1,0,0,1,0,1,42.74387297,80.45121419
486,0,1,1,1,1,0,0,1,1,0,42.77210282,80.47944405
141,0,0,1,0,0,0,1,1,0,1,47.49500331,80.48892688
135,0,0,1,0,0,0,0,1,1,1,47.50047477,80.49439834
237,0,0,1,1,1,0,1,1,0,1,42.82233773,80.52967895
994,1,1,1,1,1,0,0,0,1,0,42.82503518,80.53237641
937,1,1,1,0,1,0,1,0,0,1,42.85201542,80.55935665
235,0,0,1,1,1,0,1,0,1,1,42.86295721,80.57029844
142,0,0,1,0,0,0,1,1,1,0,47.58347138,80.57739495
683,1,0,1,0,1,0,1,0,1,1,42.8814122,80.58875342
721,1,0,1,1,0,1,0,0,0,1,45.26503557,80.61566797
947,1,1,1,0,1,1,0,0,1,1,40.55826215,80.6223122
745,1,0,1,1,1,0,1,0,0,1,42.96059635,80.66793757
615,1,0,0,1,1,0,0,1,1,1,42.99380723,80.70114846
724,1,0,1,1,0,1,0,1,0,0,45.36994515,80.72057755
601,1,0,0,1,0,1,1,0,0,1,45.37304626,80.72367866
489,0,1,1,1,1,0,1,0,0,1,43.01787584,80.72521706
913,1,1,1,0,0,1,0,0,0,1,45.39232284,80.74295524
741,1,0,1,1,1,0,0,1,0,1,43.03707615,80.74441738
443,0,1,1,0,1,1,1,0,1,1,40.68673405,80.7507841
359,0,1,0,1,1,0,0,1,1,1,43.04393115,80.75127238
933,1,1,1,0,1,0,0,1,0,1,43.07033999,80.77768122
559,1,0,0,0,1,0,1,1,1,1,43.0752492,80.78259042
499,0,1,1,1,1,1,0,0,1,1,40.72273664,80.78678669
790,1,1,0,0,0,1,0,1,1,0,45.43793957,80.78857197
535,1,0,0,0,0,1,0,1,1,1,45.44482927,80.79546167
465,0,1,1,1,0,1,0,0,0,1,45.44911307,80.79974547
685,1,0,1,0,1,0,1,1,0,1,43.09249318,80.79983441
746,1,0,1,1,1,0,1,0,1,0,43.09329105,80.80063228
956,1,1,1,0,1,1,1,1,0,0,40.74197123,80.80602128
953,1,1,1,0,1,1,1,0,0,1,40.74241456,80.80646461
742,1,0,1,1,1,0,0,1,1,0,43.10513683,80.81247806
938,1,1,1,0,1,0,1,0,1,0,43.10666682,80.81400805
934,1,1,1,0,1,0,0,1,1,0,43.11432158,80.82166281
886,1,1,0,1,1,1,0,1,1,0,40.75921154,80.82326159
1009,1,1,1,1,1,1,0,0,0,1,40.76242493,80.82647498
505,0,1,1,1,1,1,1,0,0,1,40.76351418,80.82756424
993,1,1,1,1,1,0,0,0,0,1,43.12269557,80.83003679
1000,1,1,1,1,1,0,1,0,0,0,43.12356643,80.83090765
940,1,1,1,0,1,0,1,1,0,0,43.1236805,80.83102173
490,0,1,1,1,1,0,1,0,1,0,43.12596194,80.83330317
439,0,1,1,0,1,1,0,1,1,1,40.77081098,80.83486103
748,1,0,1,1,1,0,1,1,0,0,43.12776545,80.83510668
445,0,1,1,0,1,1,1,1,0,1,40.77160366,80.83565372
739,1,0,1,1,1,0,0,0,1,1,43.12843173,80.83577296
1012,1,1,1,1,1,1,0,1,0,0,40.77768446,80.84173451
950,1,1,1,0,1,1,0,1,1,0,40.77908805,80.84313811
757,1,0,1,1,1,1,0,1,0,1,40.77978081,80.84383087
501,0,1,1,1,1,1,0,1,0,1,40.78014225,80.8441923
446,0,1,1,0,1,1,1,1,1,0,40.78285742,80.84690748
755,1,0,1,1,1,1,0,0,1,1,40.78302625,80.84707631
502,0,1,1,1,1,1,0,1,1,0,40.78391696,80.84796702
761,1,0,1,1,1,1,1,0,0,1,40.78773323,80.85178328
949,1,1,1,0,1,1,0,1,0,1,40.78797948,80.85202953
996,1,1,1,1,1,0,0,1,0,0,43.14641457,80.85375579
699,1,0,1,0,1,1,1,0,1,1,40.78978907,80.85383912
251,0,0,1,1,1,1,1,0,1,1,40.79051157,80.85456162
954,1,1,1,0,1,1,1,0,1,0,40.79280663,80.85685668
695,1,0,1,0,1,1,0,1,1,1,40.79445046,80.85850051
758,1,0,1,1,1,1,0,1,1,0,40.79856581,80.86261587
247,0,0,1,1,1,1,0,1,1,1,40.80183638,80.86588643
1010,1,1,1,1,1,1,0,0,1,0,40.80251508,80.86656513
253,0,0,1,1,1,1,1,1,0,1,40.80303724,80.8670873
701,1,0,1,0,1,1,1,1,0,1,40.80313861,80.86718867
506,0,1,1,1,1,1,1,0,1,0,40.81040096,80.87445101
254,0,0,1,1,1,1,1,1,1,0,40.81163271,80.87568276
762,1,0,1,1,1,1,1,0,1,0,40.81435397,80.87840402
231,0,0,1,1,1,0,0,1,1,1,43.17863393,80.88597515
764,1,0,1,1,1,1,1,1,0,0,40.82314508,80.88719513
637,1,0,0,1,1,1,1,1,0,1,40.82376472,80.88781478
319,0,1,0,0,1,1,1,1,1,1,40.82529238,80.88934243
702,1,0,1,0,1,1,1,1,1,0,40.82906648,80.89311654
508,0,1,1,1,1,1,1,1,0,0,40.82919497,80.89324502
686,1,0,1,0,1,0,1,1,1,0,43.18691812,80.89425935
885,1,1,0,1,1,1,0,1,0,1,40.83372135,80.8977714
631,1,0,0,1,1,1,0,1,1,1,40.83678659,80.90083664
492,0,1,1,1,1,0,1,1,0,0,43.19554138,80.90288261
635,1,0,0,1,1,1,1,0,1,1,40.84204648,80.90609653
890,1,1,0,1,1,1,1,0,1,0,40.84301162,80.90706168
827,1,1,0,0,1,1,1,0,1,1,40.84363342,80.90768348
889,1,1,0,1,1,1,1,0,0,1,40.84528207,80.90933212
483,0,1,1,1,1,0,0,0,1,1,43.20801044,80.91535167
830,1,1,0,0,1,1,1,1,1,0,40.85190908,80.91595913
381,0,1,0,1,1,1,1,1,0,1,40.85273789,80.91678794
375,0,1,0,1,1,1,0,1,1,1,40.8529305,80.91698055
638,1,0,0,1,1,1,1,1,1,0,40.85821724,80.92226729
883,1,1,0,1,1,1,0,0,1,1,40.85847996,80.92253001
382,0,1,0,1,1,1,1,1,1,0,40.8609334,80.92498345
238,0,0,1,1,1,0,1,1,1,0,43.21782821,80.92516944
852,1,1,0,1,0,1,0,1,0,0,45.57523357,80.92586597
823,1,1,0,0,1,1,0,1,1,1,40.86386429,80.92791434
829,1,1,0,0,1,1,1,1,0,1,40.86595173,80.93000179
427,0,1,1,0,1,0,1,0,1,1,43.22560663,80.93294786
1016,1,1,1,1,1,1,1,0,0,0,40.8691064,80.93315645
87,0,0,0,1,0,1,0,1,1,1,45.58304337,80.93367577
429,0,1,1,0,1,0,1,1,0,1,43.23001645,80.93735768
379,0,1,0,1,1,1,1,0,1,1,40.87442025,80.9384703
575,1,0,0,0,1,1,1,1,1,1,40.89695929,80.96100934
892,1,1,0,1,1,1,1,1,0,0,40.90745145,80.9715015
423,0,1,1,0,1,0,0,1,1,1,43.26920887,80.9765501
665,1,0,1,0,0,1,1,0,0,1,45.63146361,80.98209601
873,1,1,0,1,1,0,1,0,0,1,43.30907314,81.01641437
813,1,1,0,0,1,0,1,1,0,1,43.31059633,81.01793756
127,0,0,0,1,1,1,1,1,1,1,40.95456402,81.01861407
619,1,0,0,1,1,0,1,0,1,1,43.31234223,81.01968346
111,0,0,0,1,1,0,1,1,1,1,43.31978747,81.0271287
807,1,1,0,0,1,0,0,1,1,1,43.31986488,81.0272061
621,1,0,0,1,1,0,1,1,0,1,43.32036125,81.02770247
365,0,1,0,1,1,0,1,1,0,1,43.3208876,81.02822883
363,0,1,0,1,1,0,1,0,1,1,43.32954924,81.03689046
191,0,0,1,0,1,1,1,1,1,1,40.97342231,81.03747237
430,0,1,1,0,1,0,1,1,1,0,43.34264931,81.04999053
869,1,1,0,1,1,0,0,1,0,1,43.34310347,81.0504447
175,0,0,1,0,1,0,1,1,1,1,43.35677451,81.06411574
811,1,1,0,0,1,0,1,0,1,1,43.35916752,81.06650875
870,1,1,0,1,1,0,0,1,1,0,43.36403961,81.07138084
874,1,1,0,1,1,0,1,0,1,0,43.36441914,81.07176037
622,1,0,0,1,1,0,1,1,1,0,43.36815209,81.07549332
303,0,1,0,0,1,0,1,1,1,1,43.37408965,81.08143087
366,0,1,0,1,1,0,1,1,1,0,43.37783348,81.08517471
814,1,1,0,0,1,0,1,1,1,0,43.37921626,81.08655749
91,0,0,0,1,0,1,1,0,1,1,45.74247589,81.09310829
867,1,1,0,1,1,0,0,0,1,1,43.40296335,81.11030458
876,1,1,0,1,1,0,1,1,0,0,43.40320399,81.11054522
403,0,1,1,0,0,1,0,0,1,1,45.79537779,81.14601019
793,1,1,0,0,0,1,1,0,0,1,45.80868979,81.15932219
597,1,0,0,1,0,1,0,1,0,1,45.80914629,81.15977869
789,1,1,0,0,0,1,0,1,0,1,45.80966709,81.16029949
541,1,0,0,0,0,1,1,1,0,1,45.82708776,81.17772016
598,1,0,0,1,0,1,0,1,1,0,45.85860825,81.20924065
794,1,1,0,0,0,1,1,0,1,0,45.87638773,81.22702013
661,1,0,1,0,0,1,0,1,0,1,45.87691935,81.22755176
602,1,0,0,1,0,1,1,0,1,0,45.87878942,81.22942182
662,1,0,1,0,0,1,0,1,1,0,45.88543418,81.23606658
341,0,1,0,1,0,1,0,1,0,1,45.91339515,81.26402755
345,0,1,0,1,0,1,1,0,0,1,45.92429832,81.27493072
796,1,1,0,0,0,1,1,1,0,0,45.9287374,81.2793698
604,1,0,0,1,0,1,1,1,0,0,45.9376407,81.2882731
542,1,0,0,0,0,1,1,1,1,0,45.94480919,81.29544159
342,0,1,0,1,0,1,0,1,1,0,45.95855597,81.30918837
728,1,0,1,1,0,1,1,0,0,0,45.96479645,81.31542886
405,0,1,1,0,0,1,0,1,0,1,45.96563054,81.31626294
722,1,0,1,1,0,1,0,0,1,0,45.9708709,81.3215033
856,1,1,0,1,0,1,1,0,0,0,45.97291312,81.32354552
666,1,0,1,0,0,1,1,0,1,0,45.98525077,81.33588317
539,1,0,0,0,0,1,1,0,1,1,45.98620055,81.33683295
920,1,1,1,0,0,1,1,0,0,0,45.99737515,81.34800755
850,1,1,0,1,0,1,0,0,1,0,46.00326953,81.35390193
595,1,0,0,1,0,1,0,0,1,1,46.01110116,81.36173357
787,1,1,0,0,0,1,0,0,1,1,46.01765708,81.36828948
914,1,1,1,0,0,1,0,0,1,0,46.02014471,81.37077711
849,1,1,0,1,0,1,0,0,0,1,46.02262912,81.37326152
217,0,0,1,1,0,1,1,0,0,1,46.05251203,81.40314443
213,0,0,1,1,0,1,0,1,0,1,46.05508828,81.40572068
916,1,1,1,0,0,1,0,1,0,0,46.06506893,81.41570133
346,0,1,0,1,0,1,1,0,1,0,46.06606787,81.41670027
468,0,1,1,1,0,1,0,1,0,0,46.06736472,81.41799712
93,0,0,0,1,0,1,1,1,0,1,46.07273541,81.42336781
339,0,1,0,1,0,1,0,0,1,1,46.10324978,81.45388218
668,1,0,1,0,0,1,1,1,0,0,46.11661623,81.46724863
218,0,0,1,1,0,1,1,0,1,0,46.12086408,81.47149648
472,0,1,1,1,0,1,1,0,0,0,46.13467655,81.48530895
659,1,0,1,0,0,1,0,0,1,1,46.13596666,81.48659906
466,0,1,1,1,0,1,0,0,1,0,46.13987264,81.49050504
214,0,0,1,1,0,1,0,1,1,0,46.14040584,81.49103824
29,0,0,0,0,0,1,1,1,0,1,48.50447856,81.49840213
94,0,0,0,1,0,1,1,1,1,0,46.15011674,81.50074914
23,0,0,0,0,0,1,0,1,1,1,48.51435979,81.50828337
13,0,0,0,0,0,0,1,1,0,1,50.9022404,81.53945515
348,0,1,0,1,0,1,1,1,0,0,46.19432641,81.54495881
11,0,0,0,0,0,0,1,0,1,1,50.92656392,81.56377867
7,0,0,0,0,0,0,0,1,1,1,50.93166344,81.56887818
30,0,0,0,0,0,1,1,1,1,0,48.5822984,81.57622197
220,0,0,1,1,0,1,1,1,0,0,46.235218,81.5858504
27,0,0,0,0,0,1,1,0,1,1,48.6022478,81.59617138
976,1,1,1,1,0,1,0,0,0,0,46.26826474,81.61889714
14,0,0,0,0,0,0,1,1,1,0,50.99044575,81.62766049
211,0,0,1,1,0,1,0,0,1,1,46.30985807,81.66049047
151,0,0,1,0,0,1,0,1,1,1,46.35485443,81.70548683
283,0,1,0,0,0,1,1,0,1,1,46.36459638,81.71522878
409,0,1,1,0,0,1,1,0,0,1,46.38306972,81.73370212
406,0,1,1,0,0,1,0,1,1,0,46.383816,81.7344484
285,0,1,0,0,0,1,1,1,0,1,46.41827205,81.76890445
279,0,1,0,0,0,1,0,1,1,1,46.43423028,81.78486268
286,0,1,0,0,0,1,1,1,1,0,46.43444107,81.78507347
410,0,1,1,0,0,1,1,0,1,0,46.43840414,81.78903654
412,0,1,1,0,0,1,1,1,0,0,46.53616478,81.88679718
157,0,0,1,0,0,1,1,1,0,1,46.90606937,82.25670177
707,1,0,1,1,0,0,0,0,1,1,46.98538141,82.33601381
155,0,0,1,0,0,1,1,0,1,1,47.0664404,82.4170728
158,0,0,1,0,0,1,1,1,1,0,47.07307383,82.42370623
451,0,1,1,1,0,0,0,0,1,1,47.08140487,82.43203727
709,1,0,1,1,0,0,0,1,0,1,47.08808148,82.43871388
583,1,0,0,1,0,0,0,1,1,1,47.11024972,82.46088212
779,1,1,0,0,0,0,1,0,1,1,47.14530353,82.49593593
653,1,0,1,0,0,0,1,1,0,1,47.21232342,82.56295582
837,1,1,0,1,0,0,0,1,0,1,47.23182744,82.58245984
205,0,0,1,1,0,0,1,1,0,1,47.31951443,82.67014683
453,0,1,1,1,0,0,0,1,0,1,47.37938221,82.73001462
713,1,0,1,1,0,0,1,0,0,1,47.38785831,82.73849071
587,1,0,0,1,0,0,1,0,1,1,47.3925089,82.7431413
781,1,1,0,0,0,0,1,1,0,1,47.41747373,82.76810613
775,1,1,0,0,0,0,0,1,1,1,47.41896827,82.76960068
841,1,1,0,1,0,0,1,0,0,1,47.42744627,82.77807867
589,1,0,0,1,0,0,1,1,0,1,47.43911956,82.78975197
905,1,1,1,0,0,0,1,0,0,1,47.44553579,82.79616819
901,1,1,1,0,0,0,0,1,0,1,47.47436026,82.82499266
647,1,0,1,0,0,0,0,1,1,1,47.47734994,82.82798234
714,1,0,1,1,0,0,1,0,1,0,47.48237598,82.83300838
710,1,0,1,1,0,0,0,1,1,0,47.48965211,82.84028451
906,1,1,1,0,0,0,1,0,1,0,47.48968529,82.84031769
842,1,1,0,1,0,0,1,0,1,0,47.49420589,82.84483829
590,1,0,0,1,0,0,1,1,1,0,47.49880742,82.84943982
782,1,1,0,0,0,0,1,1,1,0,47.51658073,82.86721313
838,1,1,0,1,0,0,0,1,1,0,47.5178675,82.8684999
902,1,1,1,0,0,0,0,1,1,0,47.51877874,82.86941114
651,1,0,1,0,0,0,1,0,1,1,47.51988819,82.87052059
716,1,0,1,1,0,0,1,1,0,0,47.5253836,82.876016
331,0,1,0,1,0,0,1,0,1,1,47.52892028,82.87955268
333,0,1,0,1,0,0,1,1,0,1,47.53073778,82.88137018
454,0,1,1,1,0,0,0,1,1,0,47.56592269,82.91655509
654,1,0,1,0,0,0,1,1,1,0,47.57050108,82.92113348
527,1,0,0,0,0,0,1,1,1,1,47.57202496,82.92265736
844,1,1,0,1,0,0,1,1,0,0,47.58857158,82.93920398
964,1,1,1,1,0,0,0,1,0,0,47.59295479,82.94358719
908,1,1,1,0,0,0,1,1,0,0,47.59494585,82.94557825
457,0,1,1,1,0,0,1,0,0,1,47.59954671,82.95017911
327,0,1,0,1,0,0,0,1,1,1,47.61333485,82.96396725
458,0,1,1,1,0,0,1,0,1,0,47.61660714,82.96723954
961,1,1,1,1,0,0,0,0,0,1,47.6379611,82.9885935
962,1,1,1,1,0,0,0,0,1,0,47.64218569,82.99281809
899,1,1,1,0,0,0,0,0,1,1,47.64576947,82.99640187
968,1,1,1,1,0,0,1,0,0,0,47.64863997,82.99927237
203,0,0,1,1,0,0,1,0,1,1,47.65011079,83.00074319
835,1,1,0,1,0,0,0,0,1,1,47.6695549,83.0201873
334,0,1,0,1,0,0,1,1,1,0,47.68115332,83.03178572
460,0,1,1,1,0,0,1,1,0,0,47.68705104,83.03768344
395,0,1,1,0,0,0,1,0,1,1,47.69543874,83.04607114
199,0,0,1,1,0,0,0,1,1,1,47.7300957,83.0807281
206,0,0,1,1,0,0,1,1,1,0,47.73636673,83.08699913
79,0,0,0,1,0,0,1,1,1,1,47.79163135,83.14226375
397,0,1,1,0,0,0,1,1,0,1,48.02669782,83.37733022
391,0,1,1,0,0,0,0,1,1,1,48.06444504,83.41507744
398,0,1,1,0,0,0,1,1,1,0,48.10524162,83.45587402
271,0,1,0,0,0,0,1,1,1,1,48.14087962,83.49151202
143,0,0,1,0,0,0,1,1,1,1,49.38428752,84.73491992
995,1,1,1,1,1,0,0,0,1,1,44.76457574,84.8286258
493,0,1,1,1,1,0,1,1,0,1,44.82983984,84.89388989
935,1,1,1,0,1,0,0,1,1,1,44.89244526,84.95649531
507,0,1,1,1,1,1,1,0,1,1,42.61119297,85.03195185
1014,1,1,1,1,1,1,0,1,1,0,42.61416593,85.03492481
941,1,1,1,0,1,0,1,1,0,1,44.97795624,85.04200629
1001,1,1,1,1,1,0,1,0,0,1,44.98038908,85.04443913
749,1,0,1,1,1,0,1,1,0,1,44.98064376,85.04469381
747,1,0,1,1,1,0,1,0,1,1,45.02377283,85.08782288
955,1,1,1,0,1,1,1,0,1,1,42.67099309,85.09175197
1017,1,1,1,1,1,1,1,0,0,1,42.68938567,85.11014455
939,1,1,1,0,1,0,1,0,1,1,45.04647244,85.1105225
729,1,0,1,1,0,1,1,0,0,1,47.40823408,85.11557531
255,0,0,1,1,1,1,1,1,1,1,42.70121397,85.12197285
367,0,1,0,1,1,0,1,1,1,1,45.06565194,85.12970199
383,0,1,0,1,1,1,1,1,1,1,42.71024233,85.13100122
743,1,0,1,1,1,0,0,1,1,1,45.07554095,85.139591
942,1,1,1,0,1,0,1,1,1,0,45.07778194,85.14183199
1002,1,1,1,1,1,0,1,0,1,0,45.08033674,85.1443868
851,1,1,0,1,0,1,0,0,1,1,47.44001189,85.14735312
605,1,0,0,1,0,1,1,1,0,1,47.44222128,85.14956251
997,1,1,1,1,1,0,0,1,0,1,45.08852024,85.15257029
750,1,0,1,1,1,0,1,1,1,0,45.08948859,85.15353864
487,0,1,1,1,1,0,0,1,1,1,45.09995252,85.16400257
447,0,1,1,0,1,1,1,1,1,1,42.75359111,85.17435
1013,1,1,1,1,1,1,0,1,0,1,42.75892361,85.17968249
998,1,1,1,1,1,0,0,1,1,0,45.11645025,85.18050031
687,1,0,1,0,1,0,1,1,1,1,45.1204557,85.18450576
1011,1,1,1,1,1,1,0,0,1,1,42.76394344,85.18470232
491,0,1,1,1,1,0,1,0,1,1,45.12131988,85.18536994
791,1,1,0,0,0,1,0,1,1,1,47.48137503,85.18871625
503,0,1,1,1,1,1,0,1,1,1,42.77263112,85.19339
494,0,1,1,1,1,0,1,1,1,0,45.13121274,85.19526279
239,0,0,1,1,1,0,1,1,1,1,45.13193084,85.1959809
957,1,1,1,0,1,1,1,1,0,1,42.78226399,85.20302287
509,0,1,1,1,1,1,1,1,0,1,42.78490953,85.20566842
765,1,0,1,1,1,1,1,1,0,1,42.78500198,85.20576086
951,1,1,1,0,1,1,0,1,1,1,42.79008526,85.21084414
703,1,0,1,0,1,1,1,1,1,1,42.79473095,85.21548983
857,1,1,0,1,0,1,1,0,0,1,47.5095122,85.21685343
1020,1,1,1,1,1,1,1,1,0,0,42.79799325,85.21875213
763,1,0,1,1,1,1,1,0,1,1,42.79830222,85.2190611
759,1,0,1,1,1,1,0,1,1,1,42.80489964,85.22565852
510,0,1,1,1,1,1,1,1,1,0,42.80523422,85.2259931
1018,1,1,1,1,1,1,1,0,1,0,42.80558431,85.22634319
978,1,1,1,1,0,1,0,0,1,0,47.54077877,85.24812
893,1,1,0,1,1,1,1,1,0,1,42.82832136,85.24908025
1004,1,1,1,1,1,0,1,1,0,0,45.18520632,85.24925637
958,1,1,1,0,1,1,1,1,1,0,42.82945228,85.25021116
766,1,0,1,1,1,1,1,1,1,0,42.8396351,85.26039398
639,1,0,0,1,1,1,1,1,1,1,42.84072307,85.26148195
891,1,1,0,1,1,1,1,0,1,1,42.84389387,85.26465275
887,1,1,0,1,1,1,0,1,1,1,42.86514056,85.28589944
831,1,1,0,0,1,1,1,1,1,1,42.87821979,85.29897867
431,0,1,1,0,1,0,1,1,1,1,45.24337084,85.3074209
894,1,1,0,1,1,1,1,1,1,0,42.89832416,85.31908304
795,1,1,0,0,0,1,1,0,1,1,47.66769384,85.37503506
871,1,1,0,1,1,0,0,1,1,1,45.31273201,85.37678206
623,1,0,0,1,1,0,1,1,1,1,45.31639787,85.38044793
877,1,1,0,1,1,0,1,1,0,1,45.31898917,85.38303922
815,1,1,0,0,1,0,1,1,1,1,45.33209828,85.39614833
875,1,1,0,1,1,0,1,0,1,1,45.33631679,85.40036684
726,1,0,1,1,0,1,0,1,1,0,47.70089842,85.40823965
878,1,1,0,1,1,0,1,1,1,0,45.36517554,85.4292256
921,1,1,1,0,0,1,1,0,0,1,47.73779704,85.44513827
797,1,1,0,0,0,1,1,1,0,1,47.75209679,85.45943802
603,1,0,0,1,0,1,1,0,1,1,47.76156182,85.46890305
725,1,0,1,1,0,1,0,1,0,1,47.76213749,85.46947872
853,1,1,0,1,0,1,0,1,0,1,47.7624049,85.46974612
599,1,0,0,1,0,1,0,1,1,1,47.78832097,85.4956622
922,1,1,1,0,0,1,1,0,1,0,47.80084314,85.50818436
730,1,0,1,1,0,1,1,0,1,0,47.80460103,85.51194225
918,1,1,1,0,0,1,0,1,1,0,47.82441503,85.53175626
349,0,1,0,1,0,1,1,1,0,1,47.83625416,85.54359539
606,1,0,0,1,0,1,1,1,1,0,47.83813232,85.54547355
917,1,1,1,0,0,1,0,1,0,1,47.83829851,85.54563974
669,1,0,1,0,0,1,1,1,0,1,47.84658846,85.55392969
858,1,1,0,1,0,1,1,0,1,0,47.86212756,85.56946878
854,1,1,0,1,0,1,0,1,1,0,47.86244325,85.56978448
543,1,0,0,0,0,1,1,1,1,1,47.87150822,85.57884945
798,1,1,0,0,0,1,1,1,1,0,47.87991652,85.58725775
663,1,0,1,0,0,1,0,1,1,1,47.88140628,85.58874751
732,1,0,1,1,0,1,1,1,0,0,47.88856991,85.59591114
474,0,1,1,1,0,1,1,0,1,0,47.90341674,85.61075797
287,0,1,0,0,0,1,1,1,1,1,47.90704457,85.6143858
667,1,0,1,0,0,1,1,0,1,1,47.91339472,85.62073595
860,1,1,0,1,0,1,1,1,0,0,47.91953249,85.62687372
984,1,1,1,1,0,1,1,0,0,0,47.92259144,85.62993266
347,0,1,0,1,0,1,1,0,1,1,47.94417355,85.65151477
670,1,0,1,0,0,1,1,1,1,0,47.950702,85.65804323
980,1,1,1,1,0,1,0,1,0,0,47.95108015,85.65842137
350,0,1,0,1,0,1,1,1,1,0,47.95498115,85.66232237
470,0,1,1,1,0,1,0,1,1,0,47.96094588,85.6682871
473,0,1,1,1,0,1,1,0,0,1,47.97105331,85.67839454
469,0,1,1,1,0,1,0,1,0,1,47.97665671,85.68399794
343,0,1,0,1,0,1,0,1,1,1,47.99979305,85.70713428
977,1,1,1,1,0,1,0,0,0,1,48.00152598,85.70886721
723,1,0,1,1,0,1,0,0,1,1,48.0098369,85.71717813
924,1,1,1,0,0,1,1,1,0,0,48.02289551,85.73023674
221,0,0,1,1,0,1,1,1,0,1,48.02346741,85.73080864
215,0,0,1,1,0,1,0,1,1,1,48.04480241,85.75214364
915,1,1,1,0,0,1,0,0,1,1,48.06998393,85.77732515
219,0,0,1,1,0,1,1,0,1,1,48.07283045,85.78017168
95,0,0,0,1,0,1,1,1,1,1,48.10812803,85.81546925
476,0,1,1,1,0,1,1,1,0,0,48.11720427,85.8245455
467,0,1,1,1,0,1,0,0,1,1,48.13761416,85.84495539
222,0,0,1,1,0,1,1,1,1,0,48.15095226,85.85829349
31,0,0,0,0,0,1,1,1,1,1,50.5378562,85.8884886
15,0,0,0,0,0,0,1,1,1,1,52.90475872,85.89868229
413,0,1,1,0,0,1,1,1,0,1,48.34155427,86.0488955
407,0,1,1,0,0,1,0,1,1,1,48.35422,86.06156122
411,0,1,1,0,0,1,1,0,1,1,48.38080909,86.08815032
414,0,1,1,0,0,1,1,1,1,0,48.40167357,86.1090148
159,0,0,1,0,0,1,1,1,1,1,48.93473203,86.64207326
903,1,1,1,0,0,0,0,1,1,1,49.02378741,86.73112864
963,1,1,1,1,0,0,0,0,1,1,49.03848479,86.74582601
839,1,1,0,1,0,0,0,1,1,1,49.09426545,86.80160668
715,1,0,1,1,0,0,1,0,1,1,49.14460705,86.85194828
459,0,1,1,1,0,0,1,0,1,1,49.19440581,86.90174704
455,0,1,1,1,0,0,0,1,1,1,49.29757296,87.00491419
207,0,0,1,1,0,0,1,1,1,1,49.34803357,87.0553748
717,1,0,1,1,0,0,1,1,0,1,49.37454266,87.08188389
909,1,1,1,0,0,0,1,1,0,1,49.40002957,87.1073708
591,1,0,0,1,0,0,1,1,1,1,49.42454418,87.13188541
843,1,1,0,1,0,0,1,0,1,1,49.45088646,87.15822768
969,1,1,1,1,0,0,1,0,0,1,49.45370225,87.16104347
845,1,1,0,1,0,0,1,1,0,1,49.45925164,87.16659287
965,1,1,1,1,0,0,0,1,0,1,49.46365401,87.17099524
718,1,0,1,1,0,0,1,1,1,0,49.46559213,87.17293336
907,1,1,1,0,0,0,1,0,1,1,49.46995773,87.17729895
910,1,1,1,0,0,0,1,1,1,0,49.47419557,87.1815368
711,1,0,1,1,0,0,0,1,1,1,49.47552866,87.18286988
655,1,0,1,0,0,0,1,1,1,1,49.47778107,87.18512229
783,1,1,0,0,0,0,1,1,1,1,49.47953145,87.18687268
966,1,1,1,1,0,0,0,1,1,0,49.49755204,87.20489326
970,1,1,1,1,0,0,1,0,1,0,49.50185049,87.20919172
846,1,1,0,1,0,0,1,1,1,0,49.51171127,87.2190525
461,0,1,1,1,0,0,1,1,0,1,49.52750791,87.23484913
972,1,1,1,1,0,0,1,1,0,0,49.5329029,87.24024413
335,0,1,0,1,0,0,1,1,1,1,49.62794188,87.3352831
462,0,1,1,1,0,0,1,1,1,0,49.66620101,87.37354224
399,0,1,1,0,0,0,1,1,1,1,50.0265363,87.73387752
751,1,0,1,1,1,0,1,1,1,1,46.87462164,89.29538052
979,1,1,1,1,0,1,0,0,1,1,49.27599092,89.34004098
959,1,1,1,0,1,1,1,1,1,1,44.57737126,89.35483897
1005,1,1,1,1,1,0,1,1,0,1,46.93700103,89.35775991
1003,1,1,1,1,1,0,1,0,1,1,46.97587974,89.39663862
859,1,1,0,1,0,1,1,0,1,1,49.36192417,89.42597422
999,1,1,1,1,1,0,0,1,1,1,47.02225784,89.44301672
943,1,1,1,0,1,0,1,1,1,1,47.04921426,89.46997314
1021,1,1,1,1,1,1,1,1,0,1,44.73082497,89.50829268
495,0,1,1,1,1,0,1,1,1,1,47.09174474,89.51250362
1006,1,1,1,1,1,0,1,1,1,0,47.09688258,89.51764146
1022,1,1,1,1,1,1,1,1,1,0,44.76299353,89.54046124
511,0,1,1,1,1,1,1,1,1,1,44.76326149,89.54072919
1019,1,1,1,1,1,1,1,0,1,1,44.77458591,89.55205361
767,1,0,1,1,1,1,1,1,1,1,44.80337266,89.58084037
1015,1,1,1,1,1,1,0,1,1,1,44.8065964,89.58406411
351,0,1,0,1,0,1,1,1,1,1,49.56019051,89.62424057
895,1,1,0,1,1,1,1,1,1,1,44.85815745,89.63562515
471,0,1,1,1,0,1,0,1,1,1,49.65247388,89.71652393
923,1,1,1,0,0,1,1,0,1,1,49.66154861,89.72559866
475,0,1,1,1,0,1,1,0,1,1,49.66971513,89.73376518
879,1,1,0,1,1,0,1,1,1,1,47.32278143,89.74354031
731,1,0,1,1,0,1,1,0,1,1,49.68649297,89.75054303
855,1,1,0,1,0,1,0,1,1,1,49.72457647,89.78862652
985,1,1,1,1,0,1,1,0,0,1,49.73718774,89.80123779
727,1,0,1,1,0,1,0,1,1,1,49.75235129,89.81640134
861,1,1,0,1,0,1,1,1,0,1,49.75460878,89.81865883
799,1,1,0,0,0,1,1,1,1,1,49.76249194,89.82654199
607,1,0,0,1,0,1,1,1,1,1,49.77180355,89.8358536
925,1,1,1,0,0,1,1,1,0,1,49.78635104,89.85040109
734,1,0,1,1,0,1,1,1,1,0,49.79680806,89.86085812
733,1,0,1,1,0,1,1,1,0,1,49.79968991,89.86373996
982,1,1,1,1,0,1,0,1,1,0,49.82021075,89.8842608
862,1,1,0,1,0,1,1,1,1,0,49.8314224,89.89547245
981,1,1,1,1,0,1,0,1,0,1,49.83762887,89.90167893
986,1,1,1,1,0,1,1,0,1,0,49.86147237,89.92552242
926,1,1,1,0,0,1,1,1,1,0,49.865351,89.92940105
919,1,1,1,0,0,1,0,1,1,1,49.86676194,89.93081199
671,1,0,1,0,0,1,1,1,1,1,49.86935909,89.93340914
988,1,1,1,1,0,1,1,1,0,0,49.94526443,90.00931449
478,0,1,1,1,0,1,1,1,1,0,49.96216294,90.02621299
477,0,1,1,1,0,1,1,1,0,1,49.99745904,90.06150909
223,0,0,1,1,0,1,1,1,1,1,50.10700627,90.17105632
415,0,1,1,0,0,1,1,1,1,1,50.32434093,90.38839098
847,1,1,0,1,0,0,1,1,1,1,51.38052117,91.44457122
971,1,1,1,1,0,0,1,0,1,1,51.40836725,91.4724173
911,1,1,1,0,0,0,1,1,1,1,51.41809045,91.48214051
719,1,0,1,1,0,0,1,1,1,1,51.41880246,91.48285251
973,1,1,1,1,0,0,1,1,0,1,51.427057,91.49110705
967,1,1,1,1,0,0,0,1,1,1,51.43452444,91.4985745
463,0,1,1,1,0,0,1,1,1,1,51.47293518,91.53698523
974,1,1,1,1,0,0,1,1,1,0,51.51702746,91.58107752
1007,1,1,1,1,1,0,1,1,1,1,48.97292885,93.75039655
1023,1,1,1,1,1,1,1,1,1,1,46.7919714,93.92614794
735,1,0,1,1,0,1,1,1,1,1,51.7174663,94.13822518
989,1,1,1,1,0,1,1,1,0,1,51.72433179,94.14509067
927,1,1,1,0,0,1,1,1,1,1,51.73663812,94.157397
863,1,1,0,1,0,1,1,1,1,1,51.74217979,94.16293867
983,1,1,1,1,0,1,0,1,1,1,51.77225257,94.19301145
987,1,1,1,1,0,1,1,0,1,1,51.78988671,94.21064559
479,0,1,1,1,0,1,1,1,1,1,51.80765396,94.22841284
990,1,1,1,1,0,1,1,1,1,0,51.85081061,94.27156949
975,1,1,1,1,0,0,1,1,1,1,53.21852366,95.63928254
991,1,1,1,1,0,1,1,1,1,1,53.72286756,98.50033527
